device_id,timestamp,block_id,rssi_1,snr_1,rssi_2,snr_2,rssi_3,snr_3,spreading_factor,lat,lon,split,constante_lat,constante_lon,centroide_lat,centroide_lon,knn_lat,knn_lon,rf_lat,rf_lon
1,2019-12-04 09:20:37.919151068+00:00,1_2019-12-04 09:00:00+00:00,-109.0,4.2,-107.0,5.2,-120.0,-13.5,12.0,42.47050775755835,-9.001788139343253,teste,42.47158241271472,-9.01099,42.488633573128105,-9.010400002972462,42.46652680189156,-9.003701739276726,42.46846663131445,-9.004314500997507
1,2019-12-04 09:21:52.525758982+00:00,1_2019-12-04 09:00:00+00:00,-109.0,4.2,-107.0,5.0,-119.0,-12.5,11.0,42.47055353393555,-9.001777548925782,teste,42.47158241271472,-9.01099,42.48878905052122,-9.010695845018837,42.472207427303175,-9.007215133960289,42.47034747072735,-9.004911971130793
1,2019-12-04 09:24:03.438278913+00:00,1_2019-12-04 09:00:00+00:00,-110.0,5.5,-107.0,8.8,-120.0,-15.8,10.0,42.47052301535742,-9.001910209555753,teste,42.47158241271472,-9.01099,42.49021573457756,-9.010144864100223,42.46960583139373,-9.003882954860417,42.46894228739477,-9.00462483981558
1,2019-12-04 09:32:27.725534916+00:00,1_2019-12-04 09:30:00+00:00,-99.0,7.0,-105.0,5.2,-120.0,-14.0,12.0,42.45993537084951,-9.002394575208495,treino,,,,,,,,
1,2019-12-04 09:33:45.504405022+00:00,1_2019-12-04 09:30:00+00:00,-104.0,7.2,-111.0,3.8,,,11.0,42.47024535132813,-9.002385139455331,treino,,,,,,,,
1,2019-12-04 09:35:55.394877911+00:00,1_2019-12-04 09:30:00+00:00,-114.0,2.0,-114.0,2.0,,,10.0,42.45975089477539,-9.002907752990723,treino,,,,,,,,
1,2019-12-04 09:36:32.412477016+00:00,1_2019-12-04 09:30:00+00:00,-108.0,9.0,-105.0,9.8,,,9.0,42.4598371887207,-9.002974510192871,treino,,,,,,,,
1,2019-12-04 09:37:33.320384979+00:00,1_2019-12-04 09:30:00+00:00,-105.0,5.5,-112.0,4.2,,,8.0,42.470314025878906,-9.003597395324707,treino,,,,,,,,
1,2019-12-04 09:39:00.328851938+00:00,1_2019-12-04 09:30:00+00:00,-104.0,10.8,-112.0,4.8,,,7.0,42.45997833251953,-9.004535528723146,treino,,,,,,,,
1,2019-12-04 09:40:20.779321909+00:00,1_2019-12-04 09:30:00+00:00,-97.0,5.5,-119.0,-15.5,,,12.0,42.45923055185547,-9.004739751352538,treino,,,,,,,,
1,2019-12-04 09:41:39.523112059+00:00,1_2019-12-04 09:30:00+00:00,-89.0,9.0,-114.0,0.0,,,11.0,42.45887588500976,-9.00473403930554,treino,,,,,,,,
1,2019-12-04 09:42:10.400511980+00:00,1_2019-12-04 09:30:00+00:00,-95.0,10.2,-115.0,0.0,,,10.0,42.45828079223533,-9.00521945953359,treino,,,,,,,,
1,2019-12-04 09:42:35.448059082+00:00,1_2019-12-04 09:30:00+00:00,-110.0,7.2,,,,,9.0,42.45899032592773,-9.005135535193848,treino,,,,,,,,
1,2019-12-04 09:45:55.497498035+00:00,1_2019-12-04 09:30:00+00:00,-120.0,-10.0,,,,,8.0,42.45890540258789,-9.005343437194824,treino,,,,,,,,
1,2019-12-04 09:47:35.254556893+00:00,1_2019-12-04 09:30:00+00:00,-110.0,7.2,-115.0,1.8,,,7.0,42.45940512792959,-9.004888534545898,treino,,,,,,,,
1,2019-12-04 09:48:57.982959032+00:00,1_2019-12-04 09:30:00+00:00,-109.0,4.2,-120.0,-14.5,,,12.0,42.45989059448242,-9.005517959594727,treino,,,,,,,,
1,2019-12-04 09:50:13.582843065+00:00,1_2019-12-04 09:30:00+00:00,-115.0,-0.8,,,-119.0,-5.2,11.0,42.47084045410155,-9.005559593811036,treino,,,,,,,,
1,2019-12-04 09:52:24.452414989+00:00,1_2019-12-04 09:30:00+00:00,-114.0,1.2,-118.0,-0.5,-119.0,-12.2,10.0,42.47079849243154,-9.005745841430555,treino,,,,,,,,
1,2019-12-04 09:55:20.898253918+00:00,1_2019-12-04 09:30:00+00:00,-118.0,-1.5,-109.0,3.2,-120.0,-19.2,12.0,42.47115088857188,-9.007159723510743,treino,,,,,,,,
1,2019-12-04 09:56:38.344548941+00:00,1_2019-12-04 09:30:00+00:00,-117.0,-12.0,-105.0,7.0,-120.0,-14.5,11.0,42.4715795875,-9.007158759835425,treino,,,,,,,,
1,2019-12-04 09:58:49.221524+00:00,1_2019-12-04 09:30:00+00:00,-118.0,-8.0,-103.0,10.2,,,10.0,42.47218322753905,-9.007454408874512,treino,,,,,,,,
1,2019-12-04 10:11:21.959136963+00:00,1_2019-12-04 10:00:00+00:00,-117.0,-9.0,-95.0,5.8,-119.0,-15.5,12.0,42.47543715430554,-9.009973525000976,treino,,,,,,,,
1,2019-12-04 10:12:29.579483032+00:00,1_2019-12-04 10:00:00+00:00,,,-101.0,7.2,,,11.0,42.47553534543555,-9.009753717551355,treino,,,,,,,,
1,2019-12-04 10:14:40.455809116+00:00,1_2019-12-04 10:00:00+00:00,-120.0,-9.8,-108.0,8.0,-119.0,-5.2,10.0,42.4751848449707,-9.010083198547353,treino,,,,,,,,
1,2019-12-04 10:15:19.202227116+00:00,1_2019-12-04 10:00:00+00:00,-117.0,-4.8,-89.0,11.8,,,7.0,42.4770522253418,-9.010037422180176,treino,,,,,,,,
1,2019-12-04 10:15:51.344548941+00:00,1_2019-12-04 10:00:00+00:00,,,-114.0,4.8,,,8.0,42.47701253427734,-9.010158075551525,treino,,,,,,,,
1,2019-12-04 10:16:34.841705084+00:00,1_2019-12-04 10:00:00+00:00,-117.0,-5.5,-81.0,7.2,-120.0,-17.8,12.0,42.47708511352539,-9.010320553452148,treino,,,,,,,,
1,2019-12-04 10:19:12.585952044+00:00,1_2019-12-04 10:00:00+00:00,,,-87.0,8.2,,,11.0,42.4770735594336,-9.010004043579102,treino,,,,,,,,
1,2019-12-04 10:21:33.470886946+00:00,1_2019-12-04 10:00:00+00:00,-120.0,-9.0,-108.0,8.0,-117.0,-1.2,10.0,42.47758402099509,-9.009431838989258,treino,,,,,,,,
1,2019-12-04 10:23:33.511240959+00:00,1_2019-12-04 10:00:00+00:00,-104.0,7.2,-113.0,3.2,-111.0,4.2,11.0,42.48051071155992,-9.01545238494873,treino,,,,,,,,
1,2019-12-04 10:25:17.874532938+00:00,1_2019-12-04 10:00:00+00:00,-117.0,-1.2,-105.0,5.0,-115.0,0.0,12.0,42.47892751230459,-9.00855985321045,treino,,,,,,,,
1,2019-12-04 10:25:44.503091097+00:00,1_2019-12-04 10:00:00+00:00,-98.0,11.5,-115.0,2.2,-117.0,-1.5,10.0,42.47982405515211,-9.014989852905272,treino,,,,,,,,
1,2019-12-04 10:26:22.785289049+00:00,1_2019-12-04 10:00:00+00:00,-117.0,-3.8,-108.0,5.0,-111.0,3.8,11.0,42.47898101805541,-9.00881575538085,treino,,,,,,,,
1,2019-12-04 10:28:33.700994968+00:00,1_2019-12-04 10:00:00+00:00,,,-104.0,8.5,,,10.0,42.47925712035133,-9.009847540991212,treino,,,,,,,,
1,2019-12-04 10:28:41.905853987+00:00,1_2019-12-04 10:00:00+00:00,-89.0,7.5,-103.0,5.2,-115.0,-2.5,12.0,42.47830953134756,-9.013505889343252,treino,,,,,,,,
1,2019-12-04 10:29:45.343985081+00:00,1_2019-12-04 10:00:00+00:00,-115.0,-0.8,-90.0,13.0,-114.0,2.0,8.0,42.4793585730957,-9.010725021352304,treino,,,,,,,,
1,2019-12-04 10:29:47.509993076+00:00,1_2019-12-04 10:00:00+00:00,-103.0,5.5,-114.0,1.2,-117.0,-2.2,11.0,42.47840118408203,-9.013320922851552,treino,,,,,,,,
1,2019-12-04 10:30:54.217394114+00:00,1_2019-12-04 10:30:00+00:00,-115.0,0.2,-93.0,13.8,-110.0,5.8,7.0,42.47933197021485,-9.010820388793944,treino,,,,,,,,
1,2019-12-04 10:32:00.429833889+00:00,1_2019-12-04 10:30:00+00:00,-97.0,11.0,-107.0,8.8,-104.0,10.0,10.0,42.47830953134756,-9.013459595044925,treino,,,,,,,,
1,2019-12-04 10:32:05.927459002+00:00,1_2019-12-04 10:30:00+00:00,-115.0,0.2,-85.0,5.8,-114.0,1.5,12.0,42.47939582005835,-9.011570112509853,treino,,,,,,,,
1,2019-12-04 10:32:33.307971001+00:00,1_2019-12-04 10:30:00+00:00,-100.0,12.2,-98.0,13.0,-114.0,2.8,7.0,42.47750391235352,-9.014485359191896,treino,,,,,,,,
1,2019-12-04 10:33:12.553307056+00:00,1_2019-12-04 10:30:00+00:00,-103.0,5.5,-84.0,7.5,-107.0,5.5,11.0,42.4800033559336,-9.012285232543944,treino,,,,,,,,
1,2019-12-04 10:33:15.349421024+00:00,1_2019-12-04 10:30:00+00:00,-95.0,14.8,-111.0,7.5,-109.0,8.0,8.0,42.47805157502539,-9.014520545141504,treino,,,,,,,,
1,2019-12-04 10:35:23.507217884+00:00,1_2019-12-04 10:30:00+00:00,-91.0,11.2,-100.0,12.2,-118.0,-2.0,10.0,42.48040390014549,-9.013038535253903,treino,,,,,,,,
1,2019-12-04 10:35:33.982774973+00:00,1_2019-12-04 10:30:00+00:00,-95.0,5.0,-109.0,3.0,-105.0,4.8,12.0,42.47737503051758,-9.01474555595459,treino,,,,,,,,
1,2019-12-04 10:36:35.381249905+00:00,1_2019-12-04 10:30:00+00:00,-91.0,11.8,-115.0,0.2,-117.0,-4.0,8.0,42.48139953513281,-9.01425552358154,treino,,,,,,,,
1,2019-12-04 10:36:43.519208907+00:00,1_2019-12-04 10:30:00+00:00,-99.0,5.5,-113.0,-1.2,-102.0,5.0,11.0,42.47593534033203,-9.015700340270996,treino,,,,,,,,
1,2019-12-04 10:37:51.121552944+00:00,1_2019-12-04 10:30:00+00:00,-95.0,13.0,-117.0,1.0,-119.0,-5.0,7.0,42.48058700551523,-9.01412295295155,treino,,,,,,,,
1,2019-12-04 10:38:54.503834962+00:00,1_2019-12-04 10:30:00+00:00,-95.0,11.0,-109.0,5.8,-118.0,-7.2,10.0,42.47577993774414,-9.015524314880372,treino,,,,,,,,
1,2019-12-04 10:39:05.905854940+00:00,1_2019-12-04 10:30:00+00:00,-85.0,7.8,-117.0,0.0,-105.0,5.5,12.0,42.48072814941405,-9.015487570898438,treino,,,,,,,,
1,2019-12-04 10:57:19.898435116+00:00,1_2019-12-04 10:30:00+00:00,-90.0,8.2,-112.0,3.2,-114.0,1.8,12.0,42.47575378417959,-9.015505744384756,treino,,,,,,,,
1,2019-12-04 10:58:30.532917023+00:00,1_2019-12-04 10:30:00+00:00,-85.0,8.8,-112.0,2.8,-104.0,7.5,11.0,42.47533798217773,-9.015732755197757,treino,,,,,,,,
1,2019-12-04 11:00:41.958581924+00:00,1_2019-12-04 11:00:00+00:00,-94.0,10.5,-114.0,2.0,-105.0,8.5,10.0,42.47524251474509,-9.01507131958008,teste,42.47158241271472,-9.01099,42.472852695228944,-9.015980055522038,42.469373736605085,-9.014029271769736,42.47509629958327,-9.013154133353835
1,2019-12-04 11:03:33.908158064+00:00,1_2019-12-04 11:00:00+00:00,-101.0,5.0,-100.0,7.0,-95.0,7.5,12.0,42.47459711303711,-9.014725585119528,teste,42.47158241271472,-9.01099,42.50075391924173,-9.034749296052764,42.47529980452728,-9.01496622831645,42.47652921878866,-9.012543419382428
1,2019-12-04 11:04:41.539583921+00:00,1_2019-12-04 11:00:00+00:00,-95.0,7.5,-104.0,5.0,-115.0,-1.8,11.0,42.47480010985328,-9.014019955125487,teste,42.47158241271472,-9.01099,42.47337129125602,-9.012997300962981,42.47829969134219,-9.011474616114164,42.47606575848847,-9.012380289733015
1,2019-12-04 11:05:23.888102055+00:00,1_2019-12-04 11:00:00+00:00,-111.0,2.8,-107.0,5.0,-97.0,7.0,12.0,42.47421545118154,-9.01325370239258,teste,42.47158241271472,-9.01099,42.50673754981652,-9.044050694903193,42.47548568663314,-9.01386583361496,42.47634476031249,-9.01247219726983
1,2019-12-04 11:06:31.519355059+00:00,1_2019-12-04 11:00:00+00:00,-111.0,3.8,-101.0,5.8,-100.0,5.8,11.0,42.47400555283203,-9.012723922729492,teste,42.47158241271472,-9.01099,42.50329141561175,-9.029503910271252,42.474740505483126,-9.014122523559355,42.47678745033609,-9.012233578320325
1,2019-12-04 11:10:22.505984067+00:00,1_2019-12-04 11:00:00+00:00,-115.0,0.0,-109.0,5.8,-107.0,9.2,10.0,42.47395850585938,-9.012773513793944,teste,42.47158241271472,-9.01099,42.50214983362522,-9.030891193069511,42.47628071719444,-9.01174161252032,42.47697317764296,-9.011961243114397
1,2019-12-04 11:22:00.830903053+00:00,1_2019-12-04 11:00:00+00:00,-99.0,5.0,-97.0,7.2,-98.0,7.0,12.0,42.47429555982422,-9.013137817382812,teste,42.47158241271472,-9.01099,42.49486162068433,-9.022250718353401,42.472900588056795,-9.01486937553885,42.47651722642189,-9.012467661862527
1,2019-12-04 11:25:00.507350922+00:00,1_2019-12-04 11:00:00+00:00,-107.0,5.0,-107.0,5.2,-105.0,5.2,11.0,42.47345115112305,-9.012370109558104,teste,42.47158241271472,-9.01099,42.495375900228716,-9.027248082174347,42.478264420265546,-9.011761796956899,42.477044253442976,-9.011740959078791
1,2019-12-04 11:27:11.399236917+00:00,1_2019-12-04 11:00:00+00:00,-93.0,13.8,-115.0,2.5,-109.0,8.2,10.0,42.473419189453125,-9.013190259470216,teste,42.47158241271472,-9.01099,42.470857379194435,-9.014273982372478,42.46913876937711,-9.013752099371642,42.47469452463893,-9.012963173883822
1,2019-12-04 11:27:51.445094109+00:00,1_2019-12-04 11:00:00+00:00,-90.0,14.0,-97.0,13.2,-107.0,9.0,9.0,42.472755432128906,-9.013352884521485,teste,42.47158241271472,-9.01099,42.47524220304075,-9.012901395609152,42.46742094594111,-9.014718806334809,42.47436535460972,-9.012024740848243
1,2019-12-04 11:29:05.257246971+00:00,1_2019-12-04 11:00:00+00:00,-89.0,15.2,-119.0,-2.8,-115.0,3.0,8.0,42.47248840332031,-9.013437271118152,teste,42.47158241271472,-9.01099,42.46984787199506,-9.013532149301351,42.47772385918553,-9.012529088669002,42.47299697780944,-9.013858188051145
1,2019-12-04 11:30:30.178757906+00:00,1_2019-12-04 11:30:00+00:00,-89.0,14.0,-113.0,5.2,-115.0,1.0,7.0,42.47231574194335,-9.0128173828125,treino,,,,,,,,
1,2019-12-04 11:31:57.845957994+00:00,1_2019-12-04 11:30:00+00:00,-113.0,0.5,-108.0,3.5,-117.0,-3.8,12.0,42.47222137451172,-9.012744903554452,treino,,,,,,,,
1,2019-12-04 11:33:18.548883915+00:00,1_2019-12-04 11:30:00+00:00,-105.0,5.5,-118.0,-5.0,-104.0,5.0,11.0,42.47250555893555,-9.012451171875,treino,,,,,,,,
1,2019-12-04 11:35:29.424290895+00:00,1_2019-12-04 11:30:00+00:00,-89.0,12.2,,,-115.0,1.8,10.0,42.4721555245582,-9.012282371520996,treino,,,,,,,,
1,2019-12-04 11:36:48.457540035+00:00,1_2019-12-04 11:30:00+00:00,-95.0,12.5,-114.0,4.2,-97.0,12.8,9.0,42.47315979003905,-9.01434325171875,treino,,,,,,,,
1,2019-12-04 11:38:07.255702019+00:00,1_2019-12-04 11:30:00+00:00,-98.0,12.0,-115.0,2.0,-102.0,11.2,8.0,42.47259521484375,-9.01478385925293,treino,,,,,,,,
1,2019-12-04 11:39:12.838510990+00:00,1_2019-12-04 11:30:00+00:00,-100.0,5.8,-121.0,-13.2,-117.0,-1.5,12.0,42.47259439597256,-9.01559215155006,treino,,,,,,,,
1,2019-12-04 11:39:30.231759071+00:00,1_2019-12-04 11:30:00+00:00,-90.0,13.8,-115.0,-0.5,-100.0,12.2,7.0,42.47248077392578,-9.015382755723532,treino,,,,,,,,
1,2019-12-04 14:39:04.959234953+00:00,1_2019-12-04 14:30:00+00:00,-92.0,8.5,-120.0,-9.5,-118.0,-3.5,12.0,42.47194290151133,-9.01577377319335,treino,,,,,,,,
1,2019-12-04 14:40:10.582793951+00:00,1_2019-12-04 14:30:00+00:00,-90.0,7.8,-120.0,-8.2,-117.0,-1.5,11.0,42.47201919555554,-9.015713591711425,treino,,,,,,,,
1,2019-12-04 14:42:23.502773045+00:00,1_2019-12-04 14:30:00+00:00,-89.0,13.2,-120.0,-9.8,-120.0,-9.5,10.0,42.47203053954844,-9.015798558725583,treino,,,,,,,,
1,2019-12-04 14:42:33.585323095+00:00,1_2019-12-04 14:30:00+00:00,-101.0,5.2,-119.0,-10.0,-113.0,2.5,11.0,42.47212500708008,-9.0155888951792,treino,,,,,,,,
1,2019-12-04 14:43:17.973551035+00:00,1_2019-12-04 14:30:00+00:00,-98.0,5.5,-119.0,-11.0,-115.0,1.2,12.0,42.47203053954844,-9.015811920155016,treino,,,,,,,,
1,2019-12-04 14:46:35.988209009+00:00,1_2019-12-04 14:30:00+00:00,-98.0,5.2,,,-113.0,1.5,12.0,42.47182083129883,-9.015522003173828,treino,,,,,,,,
1,2019-12-04 14:47:31.554322004+00:00,1_2019-12-04 14:30:00+00:00,-97.0,7.8,-101.0,7.2,-99.0,7.0,11.0,42.47123335791992,-9.015572547912598,treino,,,,,,,,
1,2019-12-04 14:49:57.158231020+00:00,1_2019-12-04 14:30:00+00:00,-91.0,9.2,-114.0,2.0,-118.0,-4.0,12.0,42.47073745727539,-9.015591757202149,treino,,,,,,,,
1,2019-12-04 14:50:52.438724041+00:00,1_2019-12-04 14:30:00+00:00,-91.0,9.2,-120.0,-8.2,-107.0,5.2,11.0,42.470580235815405,-9.015772819519045,treino,,,,,,,,
1,2019-12-04 14:52:38.848288059+00:00,1_2019-12-04 14:30:00+00:00,-88.0,8.5,-110.0,2.8,-101.0,5.0,12.0,42.47005988525391,-9.015992154511816,treino,,,,,,,,
1,2019-12-04 14:53:55.701508999+00:00,1_2019-12-04 14:30:00+00:00,-90.0,7.8,,,-118.0,-8.0,11.0,42.45953500975553,-9.01534355507555,treino,,,,,,,,
1,2019-12-04 14:56:13.035542011+00:00,1_2019-12-04 14:30:00+00:00,-112.0,3.0,,,-120.0,-15.5,12.0,42.45797943115234,-9.014474858774411,treino,,,,,,,,
1,2019-12-04 14:57:19.702424049+00:00,1_2019-12-04 14:30:00+00:00,-107.0,5.5,,,,,11.0,42.45705008911133,-9.014179229735328,treino,,,,,,,,
1,2019-12-04 14:59:30.505304098+00:00,1_2019-12-04 14:30:00+00:00,-115.0,-0.2,,,,,10.0,42.4554192199707,-9.013484001159558,treino,,,,,,,,
1,2019-12-04 15:03:29.788940907+00:00,1_2019-12-04 15:00:00+00:00,-103.0,5.2,,,,,11.0,42.45757888793945,-9.01187801351084,treino,,,,,,,,
1,2019-12-04 15:05:40.559803963+00:00,1_2019-12-04 15:00:00+00:00,-84.0,10.8,,,,,10.0,42.45844482421875,-9.01144313812256,treino,,,,,,,,
1,2019-12-04 15:08:55.838273048+00:00,1_2019-12-04 15:00:00+00:00,-95.0,7.0,,,,,12.0,42.45859359741211,-9.007519857788084,treino,,,,,,,,
1,2019-12-04 15:09:59.558171988+00:00,1_2019-12-04 15:00:00+00:00,-105.0,5.8,-117.0,-2.5,,,11.0,42.45908187855211,-9.005549835205079,treino,,,,,,,,
1,2019-12-04 15:12:10.553891897+00:00,1_2019-12-04 15:00:00+00:00,-108.0,7.0,,,,,10.0,42.45930594580078,-9.00501853851084,treino,,,,,,,,
1,2019-12-04 15:15:02.043052912+00:00,1_2019-12-04 15:00:00+00:00,-99.0,4.5,-107.0,4.2,-119.0,-14.2,12.0,42.47038259042959,-9.001493453979492,treino,,,,,,,,
1,2019-12-04 15:15:59.585789919+00:00,1_2019-12-04 15:00:00+00:00,-110.0,5.2,-111.0,4.0,-119.0,-12.8,11.0,42.47057250742188,-9.001555059030752,treino,,,,,,,,
1,2019-12-04 15:20:00.571820021+00:00,1_2019-12-04 15:00:00+00:00,-114.0,3.2,-112.0,5.0,-119.0,-11.8,10.0,42.470511572255525,-9.001855803894044,treino,,,,,,,,
1,2019-12-04 15:23:18.979533911+00:00,1_2019-12-04 15:00:00+00:00,-115.0,1.0,-113.0,2.2,-120.0,-12.5,12.0,42.47055115333008,-9.001798529750742,treino,,,,,,,,
1,2019-12-04 15:24:14.749380112+00:00,1_2019-12-04 15:00:00+00:00,-108.0,4.8,-109.0,4.5,,,11.0,42.47055353393555,-9.001725195838379,treino,,,,,,,,
1,2019-12-04 15:26:35.754079103+00:00,1_2019-12-04 15:00:00+00:00,-118.0,-12.0,,,,,10.0,42.47074890135719,-9.00219440450205,treino,,,,,,,,
2,2019-12-22 23:44:09.894481897+00:00,2_2019-12-22 23:30:00+00:00,-53.0,14.2,-108.0,8.0,-119.0,-13.5,9.0,42.45949005125953,-9.013080595923828,treino,,,,,,,,
2,2019-12-22 23:44:15.744577885+00:00,2_2019-12-22 23:30:00+00:00,-55.0,15.0,-117.0,1.2,-115.0,1.8,8.0,42.45944808959951,-9.01258945455088,treino,,,,,,,,
2,2019-12-22 23:44:43.573180914+00:00,2_2019-12-22 23:30:00+00:00,-58.0,10.0,-115.0,2.5,,,7.0,42.45942901511328,-9.01181411743154,treino,,,,,,,,
2,2019-12-22 23:45:03.055835009+00:00,2_2019-12-22 23:30:00+00:00,-59.0,14.5,-118.0,-3.0,-114.0,2.2,12.0,42.4593503515525,-9.01133155822754,treino,,,,,,,,
2,2019-12-22 23:45:20.874054909+00:00,2_2019-12-22 23:30:00+00:00,-71.0,11.0,-112.0,-0.8,-111.0,-14.0,11.0,42.45932220458984,-9.011148452758787,treino,,,,,,,,
2,2019-12-22 23:45:38.179508924+00:00,2_2019-12-22 23:30:00+00:00,-78.0,9.8,,,-117.0,-3.5,10.0,42.45904373158945,-9.010882377524512,treino,,,,,,,,
2,2019-12-22 23:45:54.891552925+00:00,2_2019-12-22 23:30:00+00:00,-78.0,11.8,-120.0,-8.5,-120.0,-8.8,9.0,42.45875525878905,-9.010555403137207,treino,,,,,,,,
2,2019-12-22 23:46:11.775932074+00:00,2_2019-12-22 23:30:00+00:00,-79.0,14.2,,,-119.0,-5.8,8.0,42.45859559423828,-9.010557555100098,treino,,,,,,,,
2,2019-12-22 23:46:28.578573942+00:00,2_2019-12-22 23:30:00+00:00,-78.0,14.0,,,-118.0,-1.5,7.0,42.45797551545508,-9.01032543182373,treino,,,,,,,,
2,2019-12-22 23:46:48.078788996+00:00,2_2019-12-22 23:30:00+00:00,-80.0,7.2,-115.0,0.2,-117.0,-4.0,12.0,42.45753311157225,-9.01030445098877,treino,,,,,,,,
2,2019-12-22 23:47:05.885169983+00:00,2_2019-12-22 23:30:00+00:00,-81.0,10.8,-114.0,-0.8,-119.0,-15.0,11.0,42.45707534790039,-9.010543823242188,treino,,,,,,,,
2,2019-12-22 23:47:23.179094076+00:00,2_2019-12-22 23:30:00+00:00,-82.0,12.8,-115.0,0.0,,,10.0,42.45700558334951,-9.010515348815918,treino,,,,,,,,
2,2019-12-22 23:47:39.882221937+00:00,2_2019-12-22 23:30:00+00:00,-81.0,12.2,-118.0,-1.0,-120.0,-11.0,9.0,42.45701812744141,-9.010583877553476,treino,,,,,,,,
2,2019-12-22 23:47:55.778580904+00:00,2_2019-12-22 23:30:00+00:00,-85.0,10.8,-111.0,5.8,,,8.0,42.45592557470703,-9.01058878173828,treino,,,,,,,,
2,2019-12-22 23:48:13.559731960+00:00,2_2019-12-22 23:30:00+00:00,-79.0,13.8,-114.0,3.2,,,7.0,42.45573955454102,-9.011130332945775,treino,,,,,,,,
2,2019-12-22 23:48:33.059504032+00:00,2_2019-12-22 23:30:00+00:00,-81.0,5.8,-115.0,-0.8,,,12.0,42.45551077270508,-9.01178741455078,treino,,,,,,,,
2,2019-12-22 23:48:38.045393944+00:00,2_2019-12-22 23:30:00+00:00,-87.0,8.0,,,-114.0,-1.2,12.0,42.45820058359375,-9.01409912109375,treino,,,,,,,,
2,2019-12-22 23:48:50.890304089+00:00,2_2019-12-22 23:30:00+00:00,-85.0,9.2,-118.0,-5.8,,,11.0,42.45542584935523,-9.012301445007324,treino,,,,,,,,
2,2019-12-22 23:48:55.905519962+00:00,2_2019-12-22 23:30:00+00:00,-59.0,11.0,-119.0,-5.2,-120.0,-13.0,11.0,42.45858215332031,-9.013574500219727,treino,,,,,,,,
2,2019-12-22 23:49:08.158557892+00:00,2_2019-12-22 23:30:00+00:00,-81.0,12.2,-115.0,1.2,-119.0,-12.8,10.0,42.45542303455797,-9.01227855582373,treino,,,,,,,,
2,2019-12-22 23:49:13.201083899+00:00,2_2019-12-22 23:30:00+00:00,-72.0,14.0,-119.0,-3.0,-119.0,-10.8,10.0,42.45892547507422,-9.013227452758557,treino,,,,,,,,
2,2019-12-22 23:49:14.907388926+00:00,2_2019-12-22 23:30:00+00:00,-95.0,12.2,-119.0,-5.8,-109.0,7.2,9.0,42.45550995483399,-9.013085318959728,treino,,,,,,,,
2,2019-12-22 23:49:19.907309055+00:00,2_2019-12-22 23:30:00+00:00,-72.0,10.2,-115.0,0.5,-118.0,-13.8,9.0,42.45932983398438,-9.013102531433104,treino,,,,,,,,
2,2019-12-22 23:49:41.755749941+00:00,2_2019-12-22 23:30:00+00:00,-74.0,15.0,,,-111.0,5.5,8.0,42.45720123291016,-9.013851155771484,treino,,,,,,,,
2,2019-12-22 23:49:45.744030952+00:00,2_2019-12-22 23:30:00+00:00,-85.0,14.0,-111.0,5.5,-118.0,-2.8,8.0,42.45943283081055,-9.013150215148924,treino,,,,,,,,
2,2019-12-22 23:49:58.577817917+00:00,2_2019-12-22 23:30:00+00:00,-92.0,12.8,,,-109.0,4.8,7.0,42.4577953255836,-9.01419734954834,treino,,,,,,,,
2,2019-12-22 23:51:43.550510883+00:00,2_2019-12-22 23:30:00+00:00,-55.0,14.2,-111.0,5.8,,,7.0,42.45951293945313,-9.013240814208984,treino,,,,,,,,
2,2019-12-22 23:52:03.050853968+00:00,2_2019-12-22 23:30:00+00:00,-55.0,11.0,-115.0,-2.2,,,12.0,42.45947479248047,-9.01325511932373,treino,,,,,,,,
2,2019-12-22 23:52:29.027277946+00:00,2_2019-12-22 23:30:00+00:00,-55.0,8.8,-118.0,-9.8,,,11.0,42.45959585279297,-9.013252748718251,treino,,,,,,,,
2,2019-12-22 23:52:35.195076942+00:00,2_2019-12-22 23:30:00+00:00,-54.0,10.2,-113.0,3.8,-109.0,5.8,10.0,42.45954253915016,-9.013449558884275,treino,,,,,,,,
2,2019-12-22 23:53:02.907001972+00:00,2_2019-12-22 23:30:00+00:00,-54.0,13.2,-103.0,12.5,-99.0,14.0,9.0,42.45978378295898,-9.013502255774902,treino,,,,,,,,
2,2019-12-22 23:53:19.741210938+00:00,2_2019-12-22 23:30:00+00:00,-52.0,15.8,-107.0,9.8,-101.0,13.0,8.0,42.45975708007813,-9.013515508215333,treino,,,,,,,,
2,2019-12-22 23:53:35.570302963+00:00,2_2019-12-22 23:30:00+00:00,-55.0,13.2,-112.0,5.5,-100.0,12.2,7.0,42.45975470947256,-9.013734817504885,treino,,,,,,,,
2,2019-12-22 23:53:55.047838926+00:00,2_2019-12-22 23:30:00+00:00,-58.0,7.2,-111.0,3.5,-98.0,7.5,12.0,42.45973419189453,-9.013809204101552,treino,,,,,,,,
2,2019-12-22 23:54:13.904542923+00:00,2_2019-12-22 23:30:00+00:00,-55.0,11.5,-120.0,-8.5,-109.0,5.5,11.0,42.4597380055918,-9.0138453973999,treino,,,,,,,,
2,2019-12-22 23:54:31.195149899+00:00,2_2019-12-22 23:30:00+00:00,-53.0,12.8,-107.0,8.2,-105.0,8.5,10.0,42.45981048583984,-9.01375951303711,treino,,,,,,,,
2,2019-12-22 23:54:47.905759096+00:00,2_2019-12-22 23:30:00+00:00,-55.0,14.2,-120.0,-9.0,-109.0,8.0,9.0,42.45979141235352,-9.013772010803224,treino,,,,,,,,
2,2019-12-22 23:55:04.750428915+00:00,2_2019-12-22 23:30:00+00:00,-53.0,15.0,-115.0,3.2,-98.0,14.5,8.0,42.45975325538085,-9.01385498045875,treino,,,,,,,,
2,2019-12-22 23:55:21.590435028+00:00,2_2019-12-22 23:30:00+00:00,-58.0,13.5,,,-99.0,13.0,7.0,42.45975325538085,-9.013802528381348,treino,,,,,,,,
2,2019-12-22 23:55:41.052573919+00:00,2_2019-12-22 23:30:00+00:00,-54.0,9.8,-105.0,5.8,-100.0,5.8,12.0,42.45974553598533,-9.013848304748535,treino,,,,,,,,
2,2019-12-22 23:55:58.888489962+00:00,2_2019-12-22 23:30:00+00:00,-45.0,7.0,-101.0,5.2,-102.0,5.8,11.0,42.45959223022451,-9.013505935558944,treino,,,,,,,,
2,2019-12-22 23:56:15.177126884+00:00,2_2019-12-22 23:30:00+00:00,-39.0,12.5,-117.0,0.8,-104.0,9.5,10.0,42.4597494505836,-9.013442993154053,treino,,,,,,,,
2,2019-12-22 23:57:23.277421951+00:00,2_2019-12-22 23:30:00+00:00,-33.0,12.2,-107.0,5.0,-100.0,8.0,12.0,42.45957315573828,-9.013445807851328,treino,,,,,,,,
2,2019-12-22 23:57:30.892781019+00:00,2_2019-12-22 23:30:00+00:00,-45.0,7.5,-109.0,5.5,-105.0,7.0,11.0,42.4597151184082,-9.01349925994873,treino,,,,,,,,
2,2019-12-22 23:57:58.215182066+00:00,2_2019-12-22 23:30:00+00:00,-39.0,14.0,-95.0,13.0,-94.0,12.5,10.0,42.459722747802736,-9.013490575879883,treino,,,,,,,,
2,2019-12-22 23:58:14.894249916+00:00,2_2019-12-22 23:30:00+00:00,-53.0,9.0,-101.0,12.2,-100.0,12.2,9.0,42.459722747802736,-9.01349925994873,treino,,,,,,,,
2,2019-12-22 23:58:31.755979061+00:00,2_2019-12-22 23:30:00+00:00,-39.0,10.5,-98.0,11.8,-99.0,12.0,8.0,42.45959223022451,-9.013453483581545,treino,,,,,,,,
2,2019-12-22 23:58:48.571903944+00:00,2_2019-12-22 23:30:00+00:00,-54.0,13.0,-107.0,9.5,-95.0,13.0,7.0,42.45975325538085,-9.013581411743154,treino,,,,,,,,
2,2019-12-22 23:59:08.035458088+00:00,2_2019-12-22 23:30:00+00:00,-72.0,9.5,-119.0,-11.5,-105.0,5.0,12.0,42.4597494505836,-9.01381778717041,treino,,,,,,,,
2,2019-12-22 23:59:15.895253897+00:00,2_2019-12-22 23:30:00+00:00,-58.0,10.5,-120.0,-8.2,-111.0,4.0,11.0,42.45974553598533,-9.013802528381348,treino,,,,,,,,
2,2019-12-22 23:59:43.173414946+00:00,2_2019-12-22 23:30:00+00:00,-77.0,10.5,-115.0,-10.0,-105.0,8.5,10.0,42.45975470947256,-9.013894081115724,treino,,,,,,,,
2,2019-12-22 23:59:59.875041008+00:00,2_2019-12-22 23:30:00+00:00,-93.0,14.0,-118.0,-9.2,-105.0,10.2,9.0,42.45977515355445,-9.01390838523046,treino,,,,,,,,
2,2019-12-23 00:00:15.798791885+00:00,2_2019-12-23 00:00:00+00:00,-50.0,15.0,-97.0,13.2,-105.0,10.8,8.0,42.45974553598533,-9.01410951151123,treino,,,,,,,,
2,2019-12-23 00:00:33.709547997+00:00,2_2019-12-23 00:00:00+00:00,-51.0,11.0,-90.0,11.8,-107.0,8.2,7.0,42.45937551035155,-9.014344215393056,treino,,,,,,,,
2,2019-12-23 00:00:53.050009012+00:00,2_2019-12-23 00:00:00+00:00,-58.0,12.2,-109.0,3.5,-97.0,8.2,12.0,42.45935415525976,-9.014348983754548,treino,,,,,,,,
2,2019-12-23 00:01:10.912348986+00:00,2_2019-12-23 00:00:00+00:00,-85.0,10.0,-112.0,4.0,-107.0,5.5,11.0,42.45935272215797,-9.014422415587012,treino,,,,,,,,
2,2019-12-23 00:01:28.200885057+00:00,2_2019-12-23 00:00:00+00:00,-58.0,13.5,-97.0,10.2,-112.0,5.2,10.0,42.45987152099509,-9.015193939208984,treino,,,,,,,,
2,2019-12-23 00:01:44.917558908+00:00,2_2019-12-23 00:00:00+00:00,-51.0,8.5,-91.0,11.8,-108.0,7.2,9.0,42.47023391723533,-9.015419950021972,treino,,,,,,,,
2,2019-12-23 00:02:01.770427942+00:00,2_2019-12-23 00:00:00+00:00,-57.0,14.0,-92.0,14.8,-108.0,8.8,8.0,42.47090530395508,-9.015850057138572,treino,,,,,,,,
2,2019-12-23 00:02:18.585155010+00:00,2_2019-12-23 00:00:00+00:00,-75.0,13.0,-93.0,13.2,-115.0,1.2,7.0,42.47130955185524,-9.01508943939209,treino,,,,,,,,
2,2019-12-23 00:02:38.059854984+00:00,2_2019-12-23 00:00:00+00:00,-83.0,9.8,-100.0,5.2,-107.0,4.5,12.0,42.47175598144531,-9.01559120788574,treino,,,,,,,,
2,2019-12-23 00:02:55.888358116+00:00,2_2019-12-23 00:00:00+00:00,-83.0,10.5,-89.0,8.8,-104.0,5.8,11.0,42.47159575415016,-9.01735831555039,treino,,,,,,,,
2,2019-12-23 00:03:13.183157921+00:00,2_2019-12-23 00:00:00+00:00,-78.0,10.0,-92.0,10.8,-99.0,9.0,10.0,42.47157287597555,-9.01731777191152,treino,,,,,,,,
2,2019-12-23 00:03:29.901758909+00:00,2_2019-12-23 00:00:00+00:00,-85.0,12.2,-89.0,12.0,-105.0,9.8,9.0,42.47158432005835,-9.01733112335205,treino,,,,,,,,
2,2019-12-23 00:03:45.757205009+00:00,2_2019-12-23 00:00:00+00:00,-85.0,14.0,-88.0,13.8,-107.0,10.0,8.0,42.47159194945289,-9.01733584539795,treino,,,,,,,,
2,2019-12-23 00:04:03.595129967+00:00,2_2019-12-23 00:00:00+00:00,-89.0,13.5,,,-105.0,9.5,7.0,42.47159194945289,-9.017345428455796,treino,,,,,,,,
2,2019-12-23 00:04:13.045773983+00:00,2_2019-12-23 00:00:00+00:00,-83.0,8.0,-100.0,5.5,-109.0,4.5,12.0,42.47131729125976,-9.017915725708008,treino,,,,,,,,
2,2019-12-23 00:04:40.905514956+00:00,2_2019-12-23 00:00:00+00:00,-95.0,5.2,-99.0,5.2,-104.0,5.5,11.0,42.47218704223533,-9.01845981048584,treino,,,,,,,,
2,2019-12-23 00:04:58.201704025+00:00,2_2019-12-23 00:00:00+00:00,-85.0,12.5,-95.0,11.5,-105.0,8.5,10.0,42.47325134277344,-9.018404950532323,treino,,,,,,,,
2,2019-12-23 00:05:03.177581072+00:00,2_2019-12-23 00:00:00+00:00,-99.0,10.5,-105.0,7.0,-93.0,10.2,10.0,42.47752380371094,-9.015485214233395,treino,,,,,,,,
2,2019-12-23 00:05:14.917855024+00:00,2_2019-12-23 00:00:00+00:00,-82.0,11.8,-93.0,11.8,-105.0,9.2,9.0,42.47431945800781,-9.018152235938476,treino,,,,,,,,
2,2019-12-23 00:05:19.911442995+00:00,2_2019-12-23 00:00:00+00:00,-95.0,12.5,-103.0,10.8,-100.0,11.0,9.0,42.47722525732422,-9.015379355384276,treino,,,,,,,,
2,2019-12-23 00:05:31.779052019+00:00,2_2019-12-23 00:00:00+00:00,-81.0,11.5,-91.0,11.5,-99.0,11.0,8.0,42.47542953491211,-9.017589559091796,treino,,,,,,,,
2,2019-12-23 00:05:35.775954962+00:00,2_2019-12-23 00:00:00+00:00,-97.0,13.8,-100.0,13.0,-100.0,12.8,8.0,42.47583770751953,-9.015047477722158,treino,,,,,,,,
2,2019-12-23 00:05:48.583940029+00:00,2_2019-12-23 00:00:00+00:00,-81.0,13.5,-91.0,13.5,-111.0,5.5,7.0,42.47549755014549,-9.01714038848877,treino,,,,,,,,
2,2019-12-23 00:05:53.573455095+00:00,2_2019-12-23 00:00:00+00:00,-90.0,13.0,-98.0,13.0,-99.0,13.2,7.0,42.47444915771485,-9.015820503234853,treino,,,,,,,,
2,2019-12-23 00:05:58.088831902+00:00,2_2019-12-23 00:00:00+00:00,-80.0,9.5,-88.0,8.8,-102.0,7.0,12.0,42.4775390525,-9.015738891501552,treino,,,,,,,,
2,2019-12-23 00:06:13.052288055+00:00,2_2019-12-23 00:00:00+00:00,-89.0,8.5,-102.0,5.2,-99.0,5.5,12.0,42.47309494018555,-9.015559195472155,treino,,,,,,,,
2,2019-12-23 00:06:25.907829046+00:00,2_2019-12-23 00:00:00+00:00,-95.0,7.5,-97.0,8.2,-93.0,7.8,11.0,42.47759245825172,-9.015520535985328,treino,,,,,,,,
2,2019-12-23 00:06:30.913070917+00:00,2_2019-12-23 00:00:00+00:00,-75.0,9.5,-95.0,7.0,-103.0,7.0,11.0,42.47151947021485,-9.015335035582128,treino,,,,,,,,
2,2019-12-23 00:08:28.191533089+00:00,2_2019-12-23 00:00:00+00:00,-74.0,13.2,-102.0,10.2,-98.0,11.8,10.0,42.47074890135719,-9.01515055050791,treino,,,,,,,,
2,2019-12-23 00:08:44.912247896+00:00,2_2019-12-23 00:00:00+00:00,-55.0,12.5,-101.0,12.5,-104.0,10.8,9.0,42.47029113759531,-9.01505233215332,treino,,,,,,,,
2,2019-12-23 00:09:01.771150112+00:00,2_2019-12-23 00:00:00+00:00,-77.0,10.0,,,-100.0,11.2,8.0,42.45933354858154,-9.014853957895507,treino,,,,,,,,
2,2019-12-23 00:09:18.552221060+00:00,2_2019-12-23 00:00:00+00:00,-75.0,13.5,-109.0,5.8,-97.0,12.8,7.0,42.45933745337891,-9.014873504538572,treino,,,,,,,,
2,2019-12-23 00:09:38.041804075+00:00,2_2019-12-23 00:00:00+00:00,-75.0,12.5,-110.0,5.5,-98.0,7.0,12.0,42.45933354858154,-9.014852523803713,treino,,,,,,,,
2,2019-12-23 00:09:55.885950089+00:00,2_2019-12-23 00:00:00+00:00,-58.0,11.5,-110.0,5.2,-99.0,5.8,11.0,42.4593489074707,-9.01485873525709,treino,,,,,,,,
2,2019-12-23 00:10:13.181454897+00:00,2_2019-12-23 00:00:00+00:00,-57.0,13.2,-110.0,7.2,-95.0,11.0,10.0,42.45931838989258,-9.014859199523924,treino,,,,,,,,
2,2019-12-23 00:10:29.913177967+00:00,2_2019-12-23 00:00:00+00:00,-59.0,10.0,-110.0,4.2,-100.0,9.5,9.0,42.4587514440918,-9.01457227935791,treino,,,,,,,,
2,2019-12-23 00:10:45.787405014+00:00,2_2019-12-23 00:00:00+00:00,-90.0,12.0,,,-99.0,11.2,8.0,42.45789159311524,-9.014375585545508,treino,,,,,,,,
2,2019-12-23 00:10:53.710424900+00:00,2_2019-12-23 00:00:00+00:00,-89.0,13.0,,,-102.0,12.2,7.0,42.45705008911133,-9.013941754831544,treino,,,,,,,,
2,2019-12-23 00:11:23.050795078+00:00,2_2019-12-23 00:00:00+00:00,,,,,-102.0,5.5,12.0,42.45573955454102,-9.013704299925758,treino,,,,,,,,
2,2019-12-23 00:11:40.898401022+00:00,2_2019-12-23 00:00:00+00:00,-75.0,11.0,-119.0,-8.5,-112.0,3.8,11.0,42.4555533505957,-9.013757705588477,treino,,,,,,,,
2,2019-12-23 00:11:58.198282003+00:00,2_2019-12-23 00:00:00+00:00,-79.0,10.5,-118.0,-10.5,-107.0,7.0,10.0,42.4559189453125,-9.01422119140525,treino,,,,,,,,
2,2019-12-23 00:12:14.918541908+00:00,2_2019-12-23 00:00:00+00:00,-85.0,12.2,-115.0,1.0,-107.0,8.5,9.0,42.45751703491211,-9.0147055115333,treino,,,,,,,,
2,2019-12-23 00:12:31.771728992+00:00,2_2019-12-23 00:00:00+00:00,-79.0,14.2,-97.0,13.2,-105.0,10.8,8.0,42.45825553344726,-9.015091895057129,treino,,,,,,,,
2,2019-12-23 00:12:38.591952085+00:00,2_2019-12-23 00:00:00+00:00,-80.0,13.5,-92.0,13.2,-109.0,7.8,7.0,42.45894835425781,-9.01489543914795,treino,,,,,,,,
2,2019-12-23 00:13:09.055855036+00:00,2_2019-12-23 00:00:00+00:00,-85.0,9.2,-91.0,9.0,-113.0,1.8,12.0,42.45900177001953,-9.01490305854248,treino,,,,,,,,
2,2019-12-23 03:00:05.895220041+00:00,2_2019-12-23 03:00:00+00:00,-72.0,7.5,-95.0,8.5,-97.0,7.0,11.0,42.458441009521486,-9.015887250437013,teste,42.47158241271472,-9.01099,42.46999127957889,-9.013527218979014,42.471151398378105,-9.01276345609088,42.46933214297986,-9.011851695882413
2,2019-12-23 03:00:24.190222025+00:00,2_2019-12-23 03:00:00+00:00,-81.0,13.0,-92.0,12.0,-104.0,10.8,10.0,42.45840285254883,-9.01591958535377,teste,42.47158241271472,-9.01099,42.47208618487638,-9.013108250427502,42.47236072741824,-9.014422482242512,42.47232419100137,-9.016120210952586
2,2019-12-23 03:00:40.903426886+00:00,2_2019-12-23 03:00:00+00:00,-84.0,12.5,-97.0,11.5,-108.0,8.8,9.0,42.45835471557517,-9.015100883483887,teste,42.47158241271472,-9.01099,42.47128639755288,-9.01325579290611,42.46738924643488,-9.013464082191975,42.469462466637296,-9.012120316552142
2,2019-12-23 03:00:57.759354115+00:00,2_2019-12-23 03:00:00+00:00,-74.0,10.5,-90.0,12.0,-97.0,11.8,8.0,42.45851348875953,-9.015035987304588,teste,42.47158241271472,-9.01099,42.47063814679748,-9.01345456344658,42.47342904006252,-9.014776012006909,42.47076244780584,-9.015521902466102
2,2019-12-23 03:01:14.592726946+00:00,2_2019-12-23 03:00:00+00:00,-73.0,13.8,-89.0,13.5,-95.0,13.0,7.0,42.45850885520117,-9.014994521275856,teste,42.47158241271472,-9.01099,42.470686324042276,-9.01349931042538,42.47316729973967,-9.014005120762038,42.46846624716526,-9.01468763403212
2,2019-12-23 03:01:34.059984922+00:00,2_2019-12-23 03:00:00+00:00,-74.0,12.0,-105.0,4.8,-103.0,5.0,12.0,42.45855989135742,-9.01414955583252,teste,42.47158241271472,-9.01099,42.469792907578885,-9.013489210659367,42.46901375490437,-9.014254648307062,42.459835795828205,-9.014368449993174
2,2019-12-23 03:01:51.882823944+00:00,2_2019-12-23 03:00:00+00:00,-57.0,5.8,-111.0,4.8,-104.0,5.5,11.0,42.45887588500976,-9.01395942138572,teste,42.47158241271472,-9.01099,42.46972090107615,-9.013450682189273,42.45962085429717,-9.013871217731824,42.46202789053278,-9.014171265812415
2,2019-12-23 03:02:09.180340052+00:00,2_2019-12-23 03:00:00+00:00,-52.0,12.5,-105.0,10.0,-101.0,12.2,10.0,42.4590055847158,-9.01385498045875,teste,42.47158241271472,-9.01099,42.46972064311749,-9.013450413160461,42.46177999239521,-9.0138496498563,42.459892536074214,-9.013604495597827
2,2019-12-23 03:02:25.888705015+00:00,2_2019-12-23 03:00:00+00:00,-55.0,12.2,-115.0,1.2,-114.0,2.8,9.0,42.45903228759756,-9.01384152902832,teste,42.47158241271472,-9.01099,42.4697200791923,-9.013450037869893,42.459538743544826,-9.012899189686133,42.459151217692394,-9.012595492077002
2,2019-12-23 03:02:32.759044886+00:00,2_2019-12-23 03:00:00+00:00,-80.0,14.0,,,-115.0,3.0,8.0,42.45899795532225,-9.013855424550547,teste,42.47158241271472,-9.01099,42.46973239537095,-9.013461244665761,42.46100640742404,-9.012552120664486,42.460498387167775,-9.012824281469191
2,2019-12-23 03:02:59.552192926+00:00,2_2019-12-23 03:00:00+00:00,-89.0,13.5,,,-111.0,5.8,7.0,42.45898551123047,-9.013851555188957,teste,42.47158241271472,-9.01099,42.46996584718391,-9.013673024338985,42.46210228878866,-9.013521087200584,42.46343884412263,-9.013724230232164
2,2019-12-23 03:03:19.047050953+00:00,2_2019-12-23 03:00:00+00:00,-78.0,10.2,,,-115.0,-0.8,12.0,42.45900177001953,-9.0138453973999,teste,42.47158241271472,-9.01099,42.469727821862875,-9.01345709573227,42.46051104501943,-9.012977809284141,42.46044386622874,-9.013091367367728
2,2019-12-23 03:03:35.908458948+00:00,2_2019-12-23 03:00:00+00:00,-79.0,9.0,-119.0,-18.0,-117.0,-4.0,11.0,42.45905135108399,-9.013801574707031,teste,42.47158241271472,-9.01099,42.4697291949894,-9.013454945186808,42.4704835448112,-9.01517492174999,42.457900391931055,-9.011967206657904
2,2019-12-23 03:03:54.195734978+00:00,2_2019-12-23 03:00:00+00:00,-75.0,13.5,,,-105.0,9.2,10.0,42.45904754538572,-9.013801574707031,teste,42.47158241271472,-9.01099,42.46975917082918,-9.013485534465536,42.46224833075314,-9.01355281053635,42.46255006772166,-9.013389055386744
2,2019-12-23 03:04:10.928050041+00:00,2_2019-12-23 03:00:00+00:00,-81.0,12.2,,,-103.0,11.8,9.0,42.45903228759756,-9.013787259592284,teste,42.47158241271472,-9.01099,42.46996584718391,-9.013673024338985,42.460520226975945,-9.014665364430591,42.461303802346485,-9.01351087265959
2,2019-12-23 03:04:17.745747089+00:00,2_2019-12-23 03:00:00+00:00,-73.0,13.8,-115.0,0.5,-114.0,2.5,8.0,42.45903228759756,-9.013805343078513,teste,42.47158241271472,-9.01099,42.469724995994696,-9.013452389093493,42.46803807987164,-9.012245441268327,42.45885590859493,-9.012245868944179
2,2019-12-23 03:04:44.585222006+00:00,2_2019-12-23 03:00:00+00:00,-89.0,14.2,,,,,7.0,42.45905551987305,-9.013809204101552,teste,42.47158241271472,-9.01099,42.46972,-9.01345,42.45858366841336,-9.009557331082409,42.46001229364839,-9.010535903789211
2,2019-12-23 03:05:04.047010899+00:00,2_2019-12-23 03:00:00+00:00,-55.0,11.8,-122.0,-13.2,-105.0,5.5,12.0,42.45915198730459,-9.013843535375951,teste,42.47158241271472,-9.01099,42.4697203980478,-9.01345035431766,42.45917989769369,-9.01387501361855,42.46054315603257,-9.013822831130888
2,2019-12-23 03:05:21.872374058+00:00,2_2019-12-23 03:00:00+00:00,-54.0,7.8,,,-108.0,4.8,11.0,42.45925879882813,-9.01375575201415,teste,42.47158241271472,-9.01099,42.4697201560972,-9.013450141606157,42.46068137669738,-9.01234854349938,42.460146617901664,-9.013587166057956
2,2019-12-23 03:05:39.195393085+00:00,2_2019-12-23 03:00:00+00:00,-58.0,13.2,,,,,10.0,42.45938323974509,-9.013587133789052,teste,42.47158241271472,-9.01099,42.46972,-9.01345,42.458989048583184,-9.011076054459942,42.45879733314688,-9.009411627028719
2,2019-12-23 03:05:55.902429104+00:00,2_2019-12-23 03:00:00+00:00,-55.0,12.2,-119.0,-3.5,-107.0,9.0,9.0,42.45953954233399,-9.01354803314209,teste,42.47158241271472,-9.01099,42.46972025927217,-9.01345022167912,42.459722671764645,-9.013671860070044,42.45971653649206,-9.013712395352211
2,2019-12-23 03:06:12.755820036+00:00,2_2019-12-23 03:00:00+00:00,-57.0,10.5,-100.0,11.8,-101.0,11.2,8.0,42.45958450083008,-9.013504981994528,teste,42.47158241271472,-9.01099,42.46972305574493,-9.013451069650634,42.4620437243206,-9.013940078852889,42.465756280329906,-9.012939233813313
2,2019-12-23 03:06:29.578824997+00:00,2_2019-12-23 03:00:00+00:00,-35.0,13.2,-102.0,11.5,-112.0,5.5,7.0,42.4597151184082,-9.013457298278809,teste,42.47158241271472,-9.01099,42.469720006734214,-9.013449999330991,42.4639143963214,-9.014962610343957,42.46160830932756,-9.012950790656761
2,2019-12-23 03:06:49.051811934+00:00,2_2019-12-23 03:00:00+00:00,-37.0,8.8,-114.0,1.8,-111.0,2.8,12.0,42.4597255525,-9.013458251953123,teste,42.47158241271472,-9.01099,42.46972000215617,-9.013450001278198,42.45961316525979,-9.013090268984444,42.46023455611098,-9.012795088552497
2,2019-12-23 03:07:05.903175116+00:00,2_2019-12-23 03:00:00+00:00,-35.0,10.5,-113.0,-0.5,-104.0,5.8,11.0,42.45977995825172,-9.013498305274414,teste,42.47158241271472,-9.01099,42.469720005409016,-9.013450004368481,42.45965167638225,-9.013466397647386,42.46059932217077,-9.013702273756165
2,2019-12-23 03:07:24.184075117+00:00,2_2019-12-23 03:00:00+00:00,-35.0,12.5,-107.0,8.0,-111.0,5.0,10.0,42.459722747802736,-9.01345205555039,teste,42.47158241271472,-9.01099,42.46972000286706,-9.013450000457489,42.45970568393591,-9.013857454672513,42.459683177500175,-9.01288148467041
2,2019-12-23 03:07:30.915352106+00:00,2_2019-12-23 03:00:00+00:00,-35.0,8.5,-110.0,5.8,-98.0,10.2,9.0,42.45971893310547,-9.013444900512596,teste,42.47158241271472,-9.01099,42.46972002059485,-9.013450017608706,42.45941157915371,-9.014071708015441,42.46158407522651,-9.01383057361785
2,2019-12-23 03:07:57.753709078+00:00,2_2019-12-23 03:00:00+00:00,-47.0,15.8,-92.0,15.2,-93.0,15.8,8.0,42.45980557114258,-9.013418197531836,teste,42.47158241271472,-9.01099,42.4697219281087,-9.013450674926322,42.461732853133235,-9.012752221036518,42.46528900894138,-9.014038508741919
2,2019-12-23 03:08:14.571918964+00:00,2_2019-12-23 03:00:00+00:00,-47.0,13.8,-90.0,13.8,-113.0,4.0,7.0,42.45999359130859,-9.01342487335205,teste,42.47158241271472,-9.01099,42.46972150481483,-9.013449662631395,42.466310340457575,-9.015166978525526,42.46436462595849,-9.013914686288338
2,2019-12-23 03:08:34.023144960+00:00,2_2019-12-23 03:00:00+00:00,-59.0,9.5,-99.0,7.0,-118.0,-10.2,12.0,42.47010803222555,-9.013485852182516,teste,42.47158241271472,-9.01099,42.469723032055455,-9.013449353845408,42.46608125952247,-9.009971164757353,42.464615610467234,-9.011618410317329
2,2019-12-23 03:08:39.025855064+00:00,2_2019-12-23 03:00:00+00:00,-73.0,8.8,-115.0,0.8,-120.0,-15.2,12.0,42.4705915809082,-9.01242733001709,teste,42.47158241271472,-9.01099,42.469722664266854,-9.01345027370055,42.46144631832763,-9.009882269647154,42.45928078931707,-9.012420154445808
2,2019-12-23 03:08:51.859517097+00:00,2_2019-12-23 03:00:00+00:00,-50.0,10.8,-115.0,0.5,-115.0,1.8,11.0,42.47033309935523,-9.01323413848877,teste,42.47158241271472,-9.01099,42.46972002183236,-9.013450009063085,42.459539358480555,-9.01282968695235,42.45916858852199,-9.012639748618794
2,2019-12-23 03:08:55.909152985+00:00,2_2019-12-23 03:00:00+00:00,-78.0,7.8,,,-119.0,-11.5,11.0,42.47075553075172,-9.01218505041504,teste,42.47158241271472,-9.01099,42.46972311431364,-9.013452825201117,42.458825938860194,-9.013366320765108,42.460002190452684,-9.012685240310354
2,2019-12-23 03:09:09.183321953+00:00,2_2019-12-23 03:00:00+00:00,-50.0,13.2,-118.0,-1.8,-117.0,-1.2,10.0,42.470455159577725,-9.013079543249512,teste,42.47158241271472,-9.01099,42.46972001255115,-9.013450006001984,42.459254549694336,-9.01277447309641,42.459114061615,-9.012793607285467
2,2019-12-23 03:09:14.217819929+00:00,2_2019-12-23 03:00:00+00:00,-81.0,13.5,-120.0,-10.5,-110.0,7.2,10.0,42.47085189819335,-9.01188850402832,teste,42.47158241271472,-9.01099,42.469773044383096,-9.013493849336092,42.458955005185025,-9.014147981540342,42.45849937045423,-9.013028198755459
2,2019-12-23 03:09:15.899774075+00:00,2_2019-12-23 03:00:00+00:00,-53.0,13.5,-119.0,-4.2,-120.0,-15.5,9.0,42.470489501953125,-9.012911795559823,teste,42.47158241271472,-9.01099,42.469720015316376,-9.013450005361433,42.45857650109878,-9.012425851717568,42.45891332871802,-9.012998135372788
2,2019-12-23 03:09:30.899056911+00:00,2_2019-12-23 03:00:00+00:00,-71.0,11.2,,,-115.0,0.0,9.0,42.47093200583594,-9.01153387298584,teste,42.47158241271472,-9.01099,42.46972156091607,-9.013451416010833,42.46079843684204,-9.012131906312906,42.46069157442116,-9.013119649551307
2,2019-12-23 03:09:42.745047092+00:00,2_2019-12-23 03:00:00+00:00,-81.0,15.0,-115.0,1.5,-120.0,-9.8,8.0,42.47058485938476,-9.012735320495503,teste,42.47158241271472,-9.01099,42.469736802978694,-9.01345172617263,42.467275072429,-9.00571642820129,42.45733938066009,-9.010739278949876
2,2019-12-23 03:09:47.758944035+00:00,2_2019-12-23 03:00:00+00:00,-75.0,14.2,-120.0,-7.8,-111.0,7.5,8.0,42.47084425879883,-9.011433501379395,teste,42.47158241271472,-9.01099,42.46973078936277,-9.013458713802288,42.45730173254237,-9.01374096867857,42.45846734499673,-9.01384392031148
2,2019-12-23 03:09:59.555583954+00:00,2_2019-12-23 03:00:00+00:00,-104.0,9.2,,,,,7.0,42.47051538595289,-9.012514250183104,teste,42.47158241271472,-9.01099,42.46972,-9.01345,42.46550332063775,-9.011282374090387,42.46449280008571,-9.010593647622423
2,2019-12-23 03:11:44.559250116+00:00,2_2019-12-23 03:00:00+00:00,-101.0,12.0,-118.0,-2.8,,,7.0,42.47083282470703,-9.011185599731444,teste,42.47158241271472,-9.01099,42.47030354352452,-9.013314824480242,42.46724443780505,-9.008824905934883,42.46725651076744,-9.006927508136359
2,2019-12-23 03:12:04.053117990+00:00,2_2019-12-23 03:00:00+00:00,-101.0,5.8,-118.0,-10.2,,,12.0,42.47079849243154,-9.010957717895508,teste,42.47158241271472,-9.01099,42.47030354352452,-9.013314824480242,42.46134515868941,-9.00529656398204,42.462330334422305,-9.006832476595603
2,2019-12-23 03:12:21.915955067+00:00,2_2019-12-23 03:00:00+00:00,-92.0,10.5,-120.0,-8.2,,,11.0,42.47084425879883,-9.010825157155528,teste,42.47158241271472,-9.01099,42.46976720255293,-9.01343906571771,42.460639868862394,-9.007970698420598,42.461398604889226,-9.006542352998421
2,2019-12-23 03:12:39.222495079+00:00,2_2019-12-23 03:00:00+00:00,-105.0,9.8,-113.0,5.5,,,10.0,42.47085715598242,-9.010879515501552,teste,42.47158241271472,-9.01099,42.47380094948703,-9.012504664399751,42.47237521711142,-9.008532430443536,42.46538784725766,-9.005547638334555
2,2019-12-23 03:12:55.914284945+00:00,2_2019-12-23 03:00:00+00:00,-95.0,13.8,-110.0,5.8,,,9.0,42.470890045155016,-9.010920524597156,teste,42.47158241271472,-9.01099,42.470634391817846,-9.01323818479848,42.468546327005626,-9.008623296029775,42.46365405521137,-9.006621403216979
2,2019-12-23 03:13:12.779375076+00:00,2_2019-12-23 03:00:00+00:00,-95.0,13.8,-112.0,5.0,,,8.0,42.47088241577149,-9.0109224319458,teste,42.47158241271472,-9.01099,42.47030354352452,-9.013314824480242,42.46511766588387,-9.009001710535275,42.46322648522298,-9.006507514712506
2,2019-12-23 03:13:29.557455063+00:00,2_2019-12-23 03:00:00+00:00,-95.0,13.2,-110.0,5.8,,,7.0,42.47085334228516,-9.010935737050549,teste,42.47158241271472,-9.01099,42.470634391817846,-9.01323818479848,42.4652278183701,-9.007190474510486,42.4630370645138,-9.00635181548386
2,2019-12-23 03:13:49.051337004+00:00,2_2019-12-23 03:00:00+00:00,-94.0,5.8,-108.0,3.5,,,12.0,42.47088523045875,-9.010918517248536,teste,42.47158241271472,-9.01099,42.47086208641081,-9.013185440258175,42.4665616994021,-9.003125013802292,42.463446892042995,-9.005951514427037
2,2019-12-23 03:14:05.892559052+00:00,2_2019-12-23 03:00:00+00:00,-95.0,7.2,-108.0,5.8,,,11.0,42.470890045155016,-9.0109157098999,teste,42.47158241271472,-9.01099,42.47114368808845,-9.013120208357655,42.46858513856503,-9.003978491796905,42.4638209912944,-9.006312159206407
2,2019-12-23 03:14:14.202590942+00:00,2_2019-12-23 03:00:00+00:00,-95.0,10.0,-109.0,5.2,,,10.0,42.47089757455055,-9.010909080505373,teste,42.47158241271472,-9.01099,42.47086208641081,-9.013185440258175,42.46607374305385,-9.006853471970345,42.46349493254782,-9.006386376990326
2,2019-12-23 03:14:40.901452065+00:00,2_2019-12-23 03:00:00+00:00,-95.0,13.0,-111.0,5.2,,,9.0,42.47090148925781,-9.010900497435523,teste,42.47158241271472,-9.01099,42.47045093545403,-9.01328068173023,42.465246471461064,-9.007531236660265,42.46291748170954,-9.006340140329037
2,2019-12-23 03:14:57.753094912+00:00,2_2019-12-23 03:00:00+00:00,-94.0,13.5,-113.0,4.0,,,8.0,42.47089757455055,-9.010891914357575,teste,42.47158241271472,-9.01099,42.47009086849264,-9.013364089799394,42.46458577446053,-9.008730268120216,42.46302647360943,-9.00626170513642
2,2019-12-23 03:15:14.572374105+00:00,2_2019-12-23 03:00:00+00:00,-99.0,12.2,-119.0,-4.2,,,7.0,42.47087850107422,-9.010908125831056,teste,42.47158241271472,-9.01099,42.47001534653466,-9.013381584158417,42.466123164581965,-9.008386855254416,42.466431983503504,-9.007333797471762
2,2019-12-23 03:15:34.015830994+00:00,2_2019-12-23 03:00:00+00:00,-97.0,5.8,-119.0,-3.5,,,12.0,42.47089757455055,-9.01090145111084,teste,42.47158241271472,-9.01099,42.46990703446814,-9.01340667421472,42.46967728021575,-9.009347933067556,42.461926845283124,-9.005698816628835
2,2019-12-23 03:15:51.905221939+00:00,2_2019-12-23 03:00:00+00:00,-95.0,5.8,-113.0,2.8,,,11.0,42.47089757455055,-9.010903358459473,teste,42.47158241271472,-9.01099,42.47018539758468,-9.01334219251391,42.46508200618144,-9.005443248120093,42.462530197046874,-9.005847182021405
2,2019-12-23 03:15:59.184051991+00:00,2_2019-12-23 03:00:00+00:00,-95.0,11.2,-112.0,5.2,,,10.0,42.47090530395508,-9.010908125831056,teste,42.47158241271472,-9.01099,42.47030354352452,-9.013314824480242,42.46458854552695,-9.007347139945953,42.4626383380378,-9.006289223719921
2,2019-12-23 03:16:25.892008066+00:00,2_2019-12-23 03:00:00+00:00,-94.0,10.0,-111.0,4.8,,,9.0,42.47091574804588,-9.010907173155738,teste,42.47158241271472,-9.01099,42.47030354352452,-9.013314824480242,42.46483404469824,-9.008425014589422,42.46284910093111,-9.00630226651981
2,2019-12-23 03:16:42.794759035+00:00,2_2019-12-23 03:00:00+00:00,-95.0,15.0,-111.0,7.0,,,8.0,42.47091293334951,-9.010903358459473,teste,42.47158241271472,-9.01099,42.47045093545403,-9.01328068173023,42.464535066147654,-9.008474033453844,42.46444452575586,-9.00691940016855
2,2019-12-23 03:16:59.559257984+00:00,2_2019-12-23 03:00:00+00:00,-97.0,12.8,-112.0,5.5,,,7.0,42.470909118552335,-9.01089859008789,teste,42.47158241271472,-9.01099,42.470634391817846,-9.01323818479848,42.462655556732116,-9.005936707324967,42.46323528959138,-9.006288170826389
2,2019-12-23 03:17:19.052253008+00:00,2_2019-12-23 03:00:00+00:00,-95.0,8.8,-109.0,5.5,-120.0,-20.5,12.0,42.470909118552335,-9.010894775390524,teste,42.47158241271472,-9.01099,42.47097750772405,-9.013294090077785,42.46810813510986,-9.005149065998335,42.467009923915846,-9.005635905801775
2,2019-12-23 03:17:35.903211117+00:00,2_2019-12-23 03:00:00+00:00,-95.0,7.2,-110.0,5.8,,,11.0,42.47088523045875,-9.010919570922852,teste,42.47158241271472,-9.01099,42.470634391817846,-9.01323818479848,42.469726668259845,-9.005844809838486,42.46353172417128,-9.006222365885428
2,2019-12-23 03:17:54.181408882+00:00,2_2019-12-23 03:00:00+00:00,-95.0,11.5,-112.0,5.0,,,10.0,42.47088523045875,-9.010909080505373,teste,42.47158241271472,-9.01099,42.47030354352452,-9.013314824480242,42.46446599012903,-9.00730782789981,42.462686918092075,-9.006315061050682
2,2019-12-23 03:18:10.915726900+00:00,2_2019-12-23 03:00:00+00:00,-94.0,10.0,,,,,9.0,42.470890045155016,-9.010905255808105,teste,42.47158241271472,-9.01099,42.46972,-9.01345,42.45892273932063,-9.009100028954466,42.45896488707921,-9.009288367395225
2,2019-12-23 03:18:27.751945019+00:00,2_2019-12-23 03:00:00+00:00,-93.0,15.0,-111.0,5.5,,,8.0,42.47089385985328,-9.01089859008789,teste,42.47158241271472,-9.01099,42.47018539758468,-9.01334219251391,42.463564590420056,-9.008438865744582,42.46306182585528,-9.006446154837452
2,2019-12-23 03:18:44.589804888+00:00,2_2019-12-23 03:00:00+00:00,-95.0,12.8,-112.0,5.0,,,7.0,42.47089385985328,-9.010892858041991,teste,42.47158241271472,-9.01099,42.47030354352452,-9.013314824480242,42.46278831986807,-9.005800080825205,42.46251531064999,-9.006190101891107
2,2019-12-23 03:19:04.053738117+00:00,2_2019-12-23 03:00:00+00:00,-110.0,2.5,-111.0,3.0,,,12.0,42.47088241577149,-9.01089572905494,teste,42.47158241271472,-9.01099,42.48292539396487,-9.010391023389298,42.46612509600305,-9.00319366207213,42.46595618063296,-9.004773591654704
2,2019-12-23 03:19:11.891529083+00:00,2_2019-12-23 03:00:00+00:00,-99.0,8.5,-107.0,5.5,,,11.0,42.47088241577149,-9.01089859008789,teste,42.47158241271472,-9.01099,42.47380094948703,-9.012504664399751,42.4710562563919,-9.005734642201226,42.4673984266665,-9.007230347201425
2,2019-12-23 03:19:39.184510946+00:00,2_2019-12-23 03:00:00+00:00,-93.0,11.5,-108.0,8.5,,,10.0,42.47088523045875,-9.010897535413577,teste,42.47158241271472,-9.01099,42.470634391817846,-9.01323818479848,42.46553433366986,-9.00648382461077,42.46516489979374,-9.007290475618786
2,2019-12-23 03:19:55.915824890+00:00,2_2019-12-23 03:00:00+00:00,-95.0,12.2,-119.0,-1.2,,,9.0,42.470890045155016,-9.010890007019045,teste,42.47158241271472,-9.01099,42.469838284470015,-9.013422599876371,42.468155249996144,-9.007452184366565,42.46179125427774,-9.005728375725052
2,2019-12-23 03:20:12.753249884+00:00,2_2019-12-23 03:00:00+00:00,-93.0,14.0,-111.0,5.8,,,8.0,42.47089757455055,-9.010892858041991,teste,42.47158241271472,-9.01099,42.47018539758468,-9.01334219251391,42.46376809326761,-9.00863169755818,42.46315772294245,-9.006487020156
2,2019-12-23 03:20:29.558423996+00:00,2_2019-12-23 03:00:00+00:00,-95.0,11.5,-115.0,0.2,,,7.0,42.47089385985328,-9.01088809957041,teste,42.47158241271472,-9.01099,42.47001534653466,-9.013381584158417,42.46237674508915,-9.005678165408703,42.46099986678835,-9.005262586504147
2,2019-12-23 03:20:49.075083017+00:00,2_2019-12-23 03:00:00+00:00,-95.0,8.5,-113.0,2.8,,,12.0,42.47088523045875,-9.010891914357575,teste,42.47158241271472,-9.01099,42.47018539758468,-9.01334219251391,42.46412535555305,-9.005018406044092,42.462247448877314,-9.005760442395477
2,2019-12-23 03:20:55.894532919+00:00,2_2019-12-23 03:00:00+00:00,-94.0,7.8,-112.0,2.8,,,11.0,42.47085715598242,-9.010894775390524,teste,42.47158241271472,-9.01099,42.47018539758468,-9.01334219251391,42.46432282396523,-9.005743529038627,42.462627282981195,-9.006024589312585
2,2019-12-23 03:21:24.183710098+00:00,2_2019-12-23 03:00:00+00:00,-95.0,11.5,-112.0,4.2,,,10.0,42.47085952758789,-9.01088047027588,teste,42.47158241271472,-9.01099,42.47030354352452,-9.013314824480242,42.46416977445701,-9.007130584688934,42.46283341075803,-9.006288793202836
2,2019-12-23 03:21:40.902934074+00:00,2_2019-12-23 03:00:00+00:00,-95.0,11.2,-112.0,3.0,,,9.0,42.470848083495085,-9.010872840881348,teste,42.47158241271472,-9.01099,42.47030354352452,-9.013314824480242,42.465189574314785,-9.006365066397764,42.463046070124484,-9.006332421654927
2,2019-12-23 03:21:57.759114981+00:00,2_2019-12-23 03:00:00+00:00,-98.0,14.0,,,,,8.0,42.470855712890526,-9.010885238547452,teste,42.47158241271472,-9.01099,42.46972,-9.01345,42.4587266795684,-9.007977811583876,42.45877217157256,-9.008684323850941
2,2019-12-23 03:22:14.571152925+00:00,2_2019-12-23 03:00:00+00:00,-95.0,13.0,-110.0,5.2,,,7.0,42.47087478537595,-9.010895582739256,teste,42.47158241271472,-9.01099,42.470634391817846,-9.01323818479848,42.4651328166146,-9.007156769862243,42.462714830410405,-9.006236457394865
2,2019-12-23 03:22:34.055272102+00:00,2_2019-12-23 03:00:00+00:00,-98.0,5.8,-115.0,0.8,,,12.0,42.47085334228516,-9.010903358459473,teste,42.47158241271472,-9.01099,42.47030354352452,-9.013314824480242,42.466322267103834,-9.006852795754906,42.46277530138225,-9.005473243486257
2,2019-12-23 03:22:51.889844894+00:00,2_2019-12-23 03:00:00+00:00,-95.0,7.2,-118.0,-1.8,,,11.0,42.47085189819335,-9.010893821715309,teste,42.47158241271472,-9.01099,42.469868758592725,-9.013415540667932,42.46367389849852,-9.005958868451371,42.46189859062984,-9.005711186771968
2,2019-12-23 03:23:09.210897923+00:00,2_2019-12-23 03:00:00+00:00,-94.0,9.5,-117.0,-3.0,,,10.0,42.470848083495085,-9.010890007019045,teste,42.47158241271472,-9.01099,42.469868758592725,-9.013415540667932,42.463799037772354,-9.006010839234065,42.46047455174012,-9.005203787961984
2,2019-12-23 03:23:25.923429966+00:00,2_2019-12-23 03:00:00+00:00,-101.0,12.0,-115.0,1.5,,,9.0,42.47087478537595,-9.01088809957041,teste,42.47158241271472,-9.01099,42.47086208641081,-9.013185440258175,42.46900898622887,-9.003715418784696,42.46747465091872,-9.006149313451186
2,2019-12-23 03:23:42.752845049+00:00,2_2019-12-23 03:00:00+00:00,-97.0,11.8,-112.0,4.8,,,8.0,42.47087850107422,-9.010908125831056,teste,42.47158241271472,-9.01099,42.470634391817846,-9.01323818479848,42.46920006028682,-9.009287140203899,42.46359763083163,-9.00656482372504
2,2019-12-23 03:23:59.584784031+00:00,2_2019-12-23 03:00:00+00:00,-95.0,12.5,-119.0,-5.2,,,7.0,42.47085715598242,-9.010913848875951,teste,42.47158241271472,-9.01099,42.469838284470015,-9.013422599876371,42.46641269002992,-9.008447452679324,42.463680953281184,-9.007428991328078
2,2019-12-23 03:24:19.045025110+00:00,2_2019-12-23 03:00:00+00:00,-95.0,8.5,-115.0,-0.5,,,12.0,42.47085952758789,-9.01089572905494,teste,42.47158241271472,-9.01099,42.47001534653466,-9.013381584158417,42.46158618043079,-9.00651030264244,42.461071115890725,-9.005291708039202
2,2019-12-23 03:24:35.873416901+00:00,2_2019-12-23 03:00:00+00:00,-95.0,7.5,-117.0,-0.2,,,11.0,42.47088241577149,-9.01089095059335,teste,42.47158241271472,-9.01099,42.46990703446814,-9.01340667421472,42.4610778779568,-9.004407916012086,42.461193065868585,-9.00532013432414
2,2019-12-23 03:24:54.208594084+00:00,2_2019-12-23 03:00:00+00:00,-94.0,12.5,-110.0,5.5,,,10.0,42.47088523045875,-9.010875701904297,teste,42.47158241271472,-9.01099,42.47045093545403,-9.01328068173023,42.46214460561044,-9.005257538141501,42.46287183876886,-9.006290834771498
2,2019-12-23 03:25:10.895757914+00:00,2_2019-12-23 03:00:00+00:00,-95.0,12.2,-112.0,5.5,,,9.0,42.47088241577149,-9.010882377524512,teste,42.47158241271472,-9.01099,42.47030354352452,-9.013314824480242,42.46525436008663,-9.007536818792435,42.46279476772201,-9.006311483027254
2,2019-12-23 03:25:15.915580034+00:00,2_2019-12-23 03:00:00+00:00,-98.0,12.8,-117.0,0.2,,,9.0,42.47087097157959,-9.010903358459473,teste,42.47158241271472,-9.01099,42.47009086849264,-9.013364089799394,42.46710731290535,-9.00588328773866,42.46280098278236,-9.005357823748403
2,2019-12-23 03:25:27.750852108+00:00,2_2019-12-23 03:00:00+00:00,-93.0,12.8,-115.0,1.0,,,8.0,42.470890045155016,-9.01089859008789,teste,42.47158241271472,-9.01099,42.46990703446814,-9.01340667421472,42.46464931432902,-9.006181744015992,42.46131097309704,-9.00525081792358
2,2019-12-23 03:25:32.750511885+00:00,2_2019-12-23 03:00:00+00:00,-93.0,12.8,-110.0,5.0,,,8.0,42.47088523045875,-9.01089572905494,teste,42.47158241271472,-9.01099,42.47030354352452,-9.013314824480242,42.4644161517936,-9.009087802491333,42.46293882357735,-9.006437214481544
2,2019-12-23 03:25:44.554558039+00:00,2_2019-12-23 03:00:00+00:00,-92.0,13.8,-109.0,7.8,,,7.0,42.47087850107422,-9.010905219482424,teste,42.47158241271472,-9.01099,42.47030354352452,-9.013314824480242,42.467356885937264,-9.009451087494494,42.46498080027221,-9.007236967148817
2,2019-12-23 03:25:49.701550961+00:00,2_2019-12-23 03:00:00+00:00,-95.0,13.2,-110.0,7.8,,,7.0,42.470909118552335,-9.010883331298828,teste,42.47158241271472,-9.01099,42.470634391817846,-9.01323818479848,42.467930267633314,-9.00826807462435,42.46448083297301,-9.006897300051532
2,2019-12-23 03:25:54.015436888+00:00,2_2019-12-23 03:00:00+00:00,-98.0,7.0,-108.0,3.8,,,12.0,42.47087097157959,-9.010907173155738,teste,42.47158241271472,-9.01099,42.47243181818182,-9.012821818181818,42.467205894219425,-9.00287219315606,42.465132916336,-9.006354831940023
2,2019-12-23 03:25:59.041522980+00:00,2_2019-12-23 03:00:00+00:00,-82.0,8.2,-110.0,3.5,,,12.0,42.47087478537595,-9.010871887207031,teste,42.47158241271472,-9.01099,42.46976720255293,-9.01343906571771,42.45942557446183,-9.007212538539108,42.458981877106154,-9.009681498101507
2,2019-12-23 03:26:21.908577919+00:00,2_2019-12-23 03:00:00+00:00,-98.0,8.2,-111.0,2.2,,,11.0,42.47089757455055,-9.01090145111084,teste,42.47158241271472,-9.01099,42.47114368808845,-9.013120208357655,42.468605699697825,-9.006899136450311,42.46428117278383,-9.006274644461836
2,2019-12-23 03:26:25.913275003+00:00,2_2019-12-23 03:00:00+00:00,-95.0,8.8,-103.0,8.0,-119.0,-7.8,11.0,42.47094345092773,-9.01055145253572,teste,42.47158241271472,-9.01099,42.473921254718135,-9.01262971719293,42.46966734013554,-9.01000731011384,42.474297501796585,-9.009767923976359
2,2019-12-23 03:26:39.218075037+00:00,2_2019-12-23 03:00:00+00:00,-95.0,12.8,-119.0,-7.8,,,10.0,42.47088241577149,-9.010902404785156,teste,42.47158241271472,-9.01099,42.469838284470015,-9.013422599876371,42.46390001992428,-9.009098986444265,42.46209426617753,-9.006729560646548
2,2019-12-23 03:28:24.192728043+00:00,2_2019-12-23 03:00:00+00:00,-114.0,1.2,-105.0,12.5,-119.0,-5.0,10.0,42.4709358215332,-9.01032829284558,teste,42.47158241271472,-9.01099,42.49664878997635,-9.00873702287179,42.477485588401926,-9.00995144283408,42.47512870549142,-9.009648731985456
2,2019-12-23 03:28:40.908298016+00:00,2_2019-12-23 03:00:00+00:00,-103.0,9.2,-83.0,13.0,-120.0,-9.0,9.0,42.47093200583594,-9.01024527585546,teste,42.47158241271472,-9.01099,42.49925656445954,-9.00661679262591,42.475584892071765,-9.010852450525162,42.47334558553326,-9.009479696665917
2,2019-12-23 03:28:57.752288103+00:00,2_2019-12-23 03:00:00+00:00,-103.0,11.5,-85.0,12.2,-119.0,-5.5,8.0,42.47079849243154,-9.010089874257575,teste,42.47158241271472,-9.01099,42.49908845927614,-9.006664406475336,42.47387045529746,-9.010204845951227,42.47526193981986,-9.010456387558902
2,2019-12-23 03:29:14.554883957+00:00,2_2019-12-23 03:00:00+00:00,-89.0,11.8,-112.0,4.5,,,7.0,42.470750345458974,-9.010015487570898,teste,42.47158241271472,-9.01099,42.469868758592725,-9.013415540667932,42.46016283703115,-9.0080052898575,42.46207790391882,-9.00613611967292
2,2019-12-23 03:29:34.047427893+00:00,2_2019-12-23 03:00:00+00:00,-101.0,5.5,-108.0,4.8,-119.0,-21.5,12.0,42.47055115333008,-9.010024070739744,teste,42.47158241271472,-9.01099,42.47512845683222,-9.012779441825362,42.46645038401537,-9.004620925235555,42.46908962906406,-9.0057136653142
2,2019-12-23 03:29:51.910784006+00:00,2_2019-12-23 03:00:00+00:00,-104.0,7.2,-107.0,5.8,-120.0,-15.0,11.0,42.470538275145486,-9.010015487570898,teste,42.47158241271472,-9.01099,42.48016045219395,-9.011766375867108,42.46806447087792,-9.003373966291631,42.46700542576662,-9.005703866510197
2,2019-12-23 03:30:09.182008982+00:00,2_2019-12-23 03:30:00+00:00,-84.0,12.8,-100.0,9.8,-117.0,-2.0,10.0,42.47052583105459,-9.010010719299316,treino,,,,,,,,
2,2019-12-23 03:30:25.895354033+00:00,2_2019-12-23 03:30:00+00:00,-95.0,14.2,-104.0,11.0,,,9.0,42.47052301535742,-9.010022153391112,treino,,,,,,,,
2,2019-12-23 03:30:42.753284931+00:00,2_2019-12-23 03:30:00+00:00,-94.0,13.8,-103.0,11.5,-117.0,-1.2,8.0,42.47053445044922,-9.01003545850585,treino,,,,,,,,
2,2019-12-23 03:30:59.579931974+00:00,2_2019-12-23 03:30:00+00:00,-104.0,11.2,-109.0,8.8,,,7.0,42.47051538595289,-9.010025024414052,treino,,,,,,,,
2,2019-12-23 03:31:19.041120052+00:00,2_2019-12-23 03:30:00+00:00,-99.0,5.2,-109.0,4.5,-119.0,-12.8,12.0,42.47052301535742,-9.010011572973532,treino,,,,,,,,
2,2019-12-23 03:31:35.900784969+00:00,2_2019-12-23 03:30:00+00:00,-105.0,8.0,-107.0,5.8,-119.0,-8.8,11.0,42.47052583105459,-9.01002311705543,treino,,,,,,,,
2,2019-12-23 03:31:54.159188986+00:00,2_2019-12-23 03:30:00+00:00,-103.0,9.2,-89.0,12.2,-105.0,9.2,10.0,42.47055579589844,-9.010017395019531,treino,,,,,,,,
2,2019-12-23 03:32:10.912477016+00:00,2_2019-12-23 03:30:00+00:00,-78.0,10.8,-92.0,10.5,-115.0,-0.2,9.0,42.47077550424805,-9.00971508025123,treino,,,,,,,,
2,2019-12-23 03:32:27.747246981+00:00,2_2019-12-23 03:30:00+00:00,-79.0,13.8,,,-111.0,7.2,8.0,42.470750345458974,-9.009587423705057,treino,,,,,,,,
2,2019-12-23 03:32:34.581331968+00:00,2_2019-12-23 03:30:00+00:00,-82.0,13.0,-97.0,12.8,-108.0,8.2,7.0,42.47100448508398,-9.00950535138915,treino,,,,,,,,
2,2019-12-23 03:33:04.052220106+00:00,2_2019-12-23 03:30:00+00:00,-80.0,12.0,-100.0,7.2,-107.0,5.2,12.0,42.47110355821289,-9.00979232788085,treino,,,,,,,,
2,2019-12-23 03:33:21.900917053+00:00,2_2019-12-23 03:30:00+00:00,-82.0,9.5,-95.0,9.8,-102.0,8.2,11.0,42.47145224975585,-9.009904851450196,treino,,,,,,,,
2,2019-12-23 03:33:39.204111099+00:00,2_2019-12-23 03:30:00+00:00,-85.0,12.2,-93.0,13.0,-100.0,10.2,10.0,42.47158050537109,-9.009833335875456,treino,,,,,,,,
2,2019-12-23 03:33:55.885027885+00:00,2_2019-12-23 03:30:00+00:00,-97.0,12.8,-93.0,12.8,-93.0,11.8,9.0,42.4715795875,-9.00981903075172,treino,,,,,,,,
2,2019-12-23 03:34:12.771379948+00:00,2_2019-12-23 03:30:00+00:00,-80.0,14.5,-98.0,13.8,-93.0,14.2,8.0,42.47174835205078,-9.009132385253904,treino,,,,,,,,
2,2019-12-23 03:34:19.579428911+00:00,2_2019-12-23 03:30:00+00:00,-105.0,10.8,-99.0,12.8,-105.0,10.2,7.0,42.47119522094726,-9.008795591894533,treino,,,,,,,,
2,2019-12-23 03:34:49.058378935+00:00,2_2019-12-23 03:30:00+00:00,-92.0,9.8,-94.0,7.8,-104.0,7.2,12.0,42.47057250742188,-9.00824737548828,treino,,,,,,,,
2,2019-12-23 03:35:05.905854940+00:00,2_2019-12-23 03:30:00+00:00,-94.0,7.5,-95.0,8.0,-105.0,5.8,11.0,42.47079085303711,-9.00775909423828,treino,,,,,,,,
2,2019-12-23 03:35:24.195101023+00:00,2_2019-12-23 03:30:00+00:00,-78.0,9.8,-95.0,10.0,-102.0,8.5,10.0,42.47028350830078,-9.00552027130127,treino,,,,,,,,
2,2019-12-23 03:35:40.904103041+00:00,2_2019-12-23 03:30:00+00:00,-89.0,11.2,-101.0,10.8,-102.0,9.5,9.0,42.470272054208976,-9.005538391113282,treino,,,,,,,,
2,2019-12-23 03:35:57.790039062+00:00,2_2019-12-23 03:30:00+00:00,-85.0,14.2,-95.0,13.8,-109.0,7.0,8.0,42.4597151184082,-9.005543844504492,treino,,,,,,,,
2,2019-12-23 03:36:14.585921049+00:00,2_2019-12-23 03:30:00+00:00,-87.0,14.0,-98.0,13.2,-104.0,11.0,7.0,42.45958841552734,-9.004880905151357,treino,,,,,,,,
2,2019-12-23 03:36:34.053415060+00:00,2_2019-12-23 03:30:00+00:00,-91.0,8.0,-93.0,7.0,-115.0,-2.5,12.0,42.45925879882813,-9.00540542502539,treino,,,,,,,,
2,2019-12-23 03:36:51.900969982+00:00,2_2019-12-23 03:30:00+00:00,-82.0,10.2,-100.0,7.8,-111.0,3.2,11.0,42.45842575073242,-9.00515455078125,treino,,,,,,,,
2,2019-12-23 03:37:09.209777117+00:00,2_2019-12-23 03:30:00+00:00,-84.0,12.8,-110.0,7.2,,,10.0,42.45819305419922,-9.005354881285522,treino,,,,,,,,
2,2019-12-23 03:37:25.944034100+00:00,2_2019-12-23 03:30:00+00:00,-83.0,13.0,,,,,9.0,42.45827597753905,-9.005000518798829,treino,,,,,,,,
2,2019-12-23 03:37:32.773713112+00:00,2_2019-12-23 03:30:00+00:00,-88.0,13.8,-99.0,13.2,,,8.0,42.45854700317383,-9.005474494934083,treino,,,,,,,,
2,2019-12-23 03:37:59.571520090+00:00,2_2019-12-23 03:30:00+00:00,-80.0,9.5,-98.0,11.0,,,7.0,42.45930313110352,-9.005772994995118,treino,,,,,,,,
2,2019-12-23 03:38:19.055705070+00:00,2_2019-12-23 03:30:00+00:00,-93.0,8.8,-109.0,4.0,-118.0,-2.8,12.0,42.45957778930554,-9.005930351257325,treino,,,,,,,,
2,2019-12-23 03:38:35.933058977+00:00,2_2019-12-23 03:30:00+00:00,-85.0,8.5,-104.0,5.8,-119.0,-9.5,11.0,42.45995307373047,-9.00747013092041,treino,,,,,,,,
2,2019-12-23 03:38:54.199410915+00:00,2_2019-12-23 03:30:00+00:00,-97.0,10.5,-108.0,7.8,,,10.0,42.47024917502539,-9.008451952209471,treino,,,,,,,,
2,2019-12-23 03:39:10.911813974+00:00,2_2019-12-23 03:30:00+00:00,-108.0,5.2,-112.0,3.2,,,9.0,42.47021484375,-9.008855310119529,treino,,,,,,,,
2,2019-12-23 03:39:17.759979963+00:00,2_2019-12-23 03:30:00+00:00,-98.0,14.8,-95.0,13.5,,,8.0,42.4703483581543,-9.0090855552124,treino,,,,,,,,
2,2019-12-23 03:39:44.579405069+00:00,2_2019-12-23 03:30:00+00:00,-87.0,12.8,-98.0,13.0,-117.0,-0.2,7.0,42.47073354257813,-9.009519577025356,treino,,,,,,,,
2,2019-12-23 03:40:04.043550968+00:00,2_2019-12-23 03:30:00+00:00,-87.0,9.8,-99.0,5.5,-119.0,-7.8,12.0,42.4707250131836,-9.00985050201415,treino,,,,,,,,
2,2019-12-23 03:40:21.995872974+00:00,2_2019-12-23 03:30:00+00:00,-94.0,5.8,-100.0,5.8,-119.0,-10.5,11.0,42.47058405151357,-9.009882925940918,treino,,,,,,,,
2,2019-12-23 03:40:39.179583073+00:00,2_2019-12-23 03:30:00+00:00,-102.0,11.8,-99.0,12.2,-120.0,-12.5,10.0,42.470580235815405,-9.009858521825173,treino,,,,,,,,
2,2019-12-23 03:40:55.911550999+00:00,2_2019-12-23 03:30:00+00:00,-102.0,11.0,-104.0,10.8,,,9.0,42.47057542211914,-9.009859085083008,treino,,,,,,,,
2,2019-12-23 03:41:12.752526999+00:00,2_2019-12-23 03:30:00+00:00,-104.0,11.8,-112.0,5.2,,,8.0,42.47058785521094,-9.009858521825173,treino,,,,,,,,
2,2019-12-23 03:41:29.558207035+00:00,2_2019-12-23 03:30:00+00:00,-101.0,10.2,,,,,7.0,42.47058405151357,-9.009882925940918,treino,,,,,,,,
2,2019-12-23 03:41:49.052341938+00:00,2_2019-12-23 03:30:00+00:00,-100.0,5.2,-110.0,5.0,-119.0,-8.5,12.0,42.47054971923828,-9.0099515914917,treino,,,,,,,,
2,2019-12-23 03:42:01.775588989+00:00,2_2019-12-23 03:30:00+00:00,-93.0,14.5,-114.0,3.5,-119.0,-10.5,8.0,42.47059931030274,-9.010085059570311,treino,,,,,,,,
2,2019-12-23 03:42:05.885337114+00:00,2_2019-12-23 03:30:00+00:00,-95.0,8.0,-114.0,1.8,-120.0,-15.2,11.0,42.47055734853281,-9.010025931752596,treino,,,,,,,,
2,2019-12-23 03:42:18.559521914+00:00,2_2019-12-23 03:30:00+00:00,-99.0,10.8,-108.0,7.8,,,7.0,42.47057542211914,-9.010051727294922,treino,,,,,,,,
2,2019-12-23 03:42:24.199940920+00:00,2_2019-12-23 03:30:00+00:00,-95.0,13.5,-111.0,5.8,-119.0,-11.8,10.0,42.47055353393555,-9.01002597808838,treino,,,,,,,,
2,2019-12-23 04:14:04.212033033+00:00,2_2019-12-23 04:00:00+00:00,-110.0,2.5,-107.0,4.8,-119.0,-15.0,12.0,42.470481872558594,-9.001351355505347,teste,42.47158241271472,-9.01099,42.490370984768724,-9.010467365258776,42.46643015824999,-9.003592863449443,42.469661907922266,-9.003952846064433
2,2019-12-23 04:14:11.925281048+00:00,2_2019-12-23 04:00:00+00:00,-112.0,1.2,-107.0,5.5,,,11.0,42.47041702270508,-9.00117015838523,teste,42.47158241271472,-9.01099,42.49238325082191,-9.008200148736861,42.46708564420158,-9.004661408199937,42.46349735943847,-9.004282615514384
2,2019-12-23 04:14:39.185271025+00:00,2_2019-12-23 04:00:00+00:00,-104.0,7.5,-105.0,7.0,,,10.0,42.470481872558594,-9.001280784505933,teste,42.47158241271472,-9.01099,42.48292539396487,-9.010391023389298,42.47027433239596,-9.009536627947663,42.46783848751002,-9.006733628484747
2,2019-12-23 04:14:55.892791033+00:00,2_2019-12-23 04:00:00+00:00,-98.0,12.5,-105.0,10.0,-117.0,-1.0,9.0,42.47053909301758,-9.001348495483398,teste,42.47158241271472,-9.01099,42.475037556137195,-9.0126819820168,42.475900192609544,-9.010895242187326,42.477413091771325,-9.011571718034633
2,2019-12-23 04:15:00.898407936+00:00,2_2019-12-23 04:00:00+00:00,-97.0,12.0,-101.0,11.0,-114.0,1.8,9.0,42.47029495239258,-9.001543045043945,teste,42.47158241271472,-9.01099,42.478646195713,-9.012010564404864,42.477061207471955,-9.010835180847394,42.47678948182137,-9.01226431223008
2,2019-12-23 04:15:12.757508993+00:00,2_2019-12-23 04:00:00+00:00,-94.0,14.0,-115.0,1.8,-120.0,-10.2,8.0,42.47054290771485,-9.001305533813477,teste,42.47158241271472,-9.01099,42.47005196839381,-9.013484103165004,42.47104396021603,-9.005795953539184,42.47047136139459,-9.00623534534844
2,2019-12-23 04:15:17.745017052+00:00,2_2019-12-23 04:00:00+00:00,-102.0,12.5,-93.0,14.0,-115.0,0.0,8.0,42.45991348255502,-9.001717557443849,teste,42.47158241271472,-9.01099,42.496285396748746,-9.007545075087554,42.47669564503162,-9.011563079567585,42.476840549198876,-9.011279337769619
2,2019-12-23 04:15:29.583112955+00:00,2_2019-12-23 04:00:00+00:00,-94.0,13.0,-118.0,-5.8,,,7.0,42.47051239013572,-9.001325507299805,teste,42.47158241271472,-9.01099,42.469838284470015,-9.013422599876371,42.46673021267561,-9.00856382477178,42.463643839440955,-9.007353584080539
2,2019-12-23 04:15:34.582011938+00:00,2_2019-12-23 04:00:00+00:00,-100.0,12.5,-105.0,9.5,-117.0,1.0,7.0,42.45974553598533,-9.001898755553954,teste,42.47158241271472,-9.01099,42.47736523764666,-9.01234579350984,42.47685743945837,-9.010801425921139,42.47775262097698,-9.0116708077372
2,2019-12-23 04:15:49.045758009+00:00,2_2019-12-23 04:00:00+00:00,,,-117.0,-2.0,,,12.0,42.47052383422852,-9.00133991241455,teste,42.47158241271472,-9.01099,42.49955,-9.00654,42.47668266441516,-9.009527597993205,42.47558940467834,-9.009064930798761
2,2019-12-23 04:15:54.058057070+00:00,2_2019-12-23 04:00:00+00:00,-91.0,9.2,-97.0,7.5,-118.0,-5.5,12.0,42.45978378295898,-9.002243041992188,teste,42.47158241271472,-9.01099,42.47576156455213,-9.01212158999061,42.47112354586086,-9.010705892557182,42.472313116615,-9.009663212754262
2,2019-12-23 04:15:55.895359039+00:00,2_2019-12-23 04:00:00+00:00,-95.0,9.8,-107.0,7.8,,,11.0,42.47055579589844,-9.001358985900879,teste,42.47158241271472,-9.01099,42.471490438632756,-9.01303988498316,42.4665758168648,-9.006346637471012,42.464473746442216,-9.00674460622368
2,2019-12-23 04:16:11.928013086+00:00,2_2019-12-23 04:00:00+00:00,-89.0,8.8,-94.0,9.0,-115.0,-0.8,11.0,42.45975089477539,-9.002750887145995,teste,42.47158241271472,-9.01099,42.47694778397507,-9.011860765871097,42.47612291021941,-9.013165759888786,42.47566748494418,-9.01268392385457
2,2019-12-23 04:16:24.202574968+00:00,2_2019-12-23 04:00:00+00:00,-94.0,13.0,-98.0,11.8,,,10.0,42.470489501953125,-9.001420021057129,teste,42.47158241271472,-9.01099,42.478214010436204,-9.011482396509752,42.466250777867515,-9.007584657592567,42.46394435308508,-9.006615075326016
2,2019-12-23 04:16:29.240789890+00:00,2_2019-12-23 04:00:00+00:00,-87.0,12.8,,,-111.0,5.8,10.0,42.45991729735328,-9.003255334533591,teste,42.47158241271472,-9.01099,42.469875478849126,-9.013591045209473,42.46378298057165,-9.012370500237576,42.461876977047766,-9.013512231988566
2,2019-12-23 04:18:25.919224024+00:00,2_2019-12-23 04:00:00+00:00,-84.0,10.5,-92.0,12.0,-110.0,5.8,9.0,42.45999359130859,-9.002387045813956,teste,42.47158241271472,-9.01099,42.47387695301304,-9.012583667225577,42.467566869350044,-9.0140429507851,42.46912799671535,-9.01476604397255
2,2019-12-23 04:18:42.758718014+00:00,2_2019-12-23 04:00:00+00:00,-92.0,14.8,-95.0,15.2,-111.0,7.0,8.0,42.470123291015526,-9.001853942871094,teste,42.47158241271472,-9.01099,42.47992232508438,-9.011458025597042,42.467148307701734,-9.01135750879861,42.474339723572136,-9.01186829418449
2,2019-12-23 04:18:59.578944921+00:00,2_2019-12-23 04:00:00+00:00,-91.0,11.0,-100.0,10.8,,,7.0,42.47038259042959,-9.001437187194824,teste,42.47158241271472,-9.01099,42.47305546441249,-9.012677353030835,42.46648561101598,-9.008492265580244,42.4631563525331,-9.006364161046756
2,2019-12-23 04:19:19.078088999+00:00,2_2019-12-23 04:00:00+00:00,-93.0,8.0,-100.0,5.2,,,12.0,42.4701042175293,-9.001827239990234,teste,42.47158241271472,-9.01099,42.474681848544265,-9.012300607662059,42.471139027604714,-9.00588365858718,42.463339671368324,-9.00619645982401
2,2019-12-23 04:19:35.921502113+00:00,2_2019-12-23 04:00:00+00:00,-89.0,8.8,,,,,11.0,42.47035743154053,-9.001459121704102,teste,42.47158241271472,-9.01099,42.46972,-9.01345,42.459275414967216,-9.011635620170345,42.459046113922774,-9.011298560078497
2,2019-12-23 04:19:54.200531006+00:00,2_2019-12-23 04:00:00+00:00,-97.0,12.8,,,,,10.0,42.470452799072255,-9.001419057382812,teste,42.47158241271472,-9.01099,42.46972,-9.01345,42.458722319951626,-9.009633602104072,42.45879514626605,-9.009028076812593
2,2019-12-23 04:20:10.905873060+00:00,2_2019-12-23 04:00:00+00:00,-92.0,14.5,-105.0,9.5,-120.0,-9.0,9.0,42.47049713134756,-9.001425595777343,teste,42.47158241271472,-9.01099,42.47120063119255,-9.013174308519039,42.47264625470216,-9.011568874654412,42.47168197220525,-9.008287177683
2,2019-12-23 04:20:27.745923042+00:00,2_2019-12-23 04:00:00+00:00,-90.0,15.5,-104.0,11.5,-119.0,-8.2,8.0,42.47049713134756,-9.001428504125977,teste,42.47158241271472,-9.01099,42.47090812047217,-9.01322877361076,42.472532373181544,-9.01269586243359,42.47323744084168,-9.009620514096634
2,2019-12-23 04:20:44.580379963+00:00,2_2019-12-23 04:00:00+00:00,-95.0,13.0,-105.0,10.8,-118.0,-3.8,7.0,42.47050094504492,-9.001435279845191,teste,42.47158241271472,-9.01099,42.472597358690805,-9.012985998016099,42.47497149029734,-9.012019611082295,42.47588216272035,-9.011786573088273
2,2019-12-23 04:20:54.051522017+00:00,2_2019-12-23 04:00:00+00:00,-97.0,7.8,,,-118.0,-4.0,12.0,42.47050094504492,-9.001418113708494,teste,42.47158241271472,-9.01099,42.470029001613774,-9.013730315924557,42.46080850759673,-9.013571389852803,42.46031731676493,-9.013567879926613
2,2019-12-23 04:21:21.895883083+00:00,2_2019-12-23 04:00:00+00:00,-93.0,8.0,-109.0,5.2,-119.0,-5.2,11.0,42.470489501953125,-9.00144100189209,teste,42.47158241271472,-9.01099,42.47054499165083,-9.013368041035669,42.47051612502081,-9.007048578610132,42.471580145754125,-9.008318642272663
2,2019-12-23 04:21:39.191251993+00:00,2_2019-12-23 04:00:00+00:00,-97.0,12.0,-108.0,8.8,-118.0,-4.8,10.0,42.47050857543945,-9.001437187194824,teste,42.47158241271472,-9.01099,42.47218551051717,-9.013205063353261,42.47561407650684,-9.013135129064139,42.476053651247874,-9.011758986546976
2,2019-12-23 04:21:55.928932905+00:00,2_2019-12-23 04:00:00+00:00,-110.0,4.0,-114.0,2.2,,,9.0,42.47050475074219,-9.00139331817527,teste,42.47158241271472,-9.01099,42.478214010436204,-9.011482396509752,42.46933968842598,-9.006118580354842,42.467944484808555,-9.004768597257183
2,2019-12-23 04:22:12.770407915+00:00,2_2019-12-23 04:00:00+00:00,-102.0,13.5,-120.0,-5.8,-120.0,-12.0,8.0,42.47049713134756,-9.00139331817527,teste,42.47158241271472,-9.01099,42.47078059176666,-9.013890274623876,42.472736787512495,-9.009436209091708,42.46985258382052,-9.007838573560843
2,2019-12-23 04:22:29.552727938+00:00,2_2019-12-23 04:00:00+00:00,,,-115.0,-3.2,,,7.0,42.47049331555039,-9.001357558959727,teste,42.47158241271472,-9.01099,42.49955,-9.00654,42.475041526444926,-9.008927076172295,42.47333981764805,-9.008494386370277
2,2019-12-23 04:22:39.049458981+00:00,2_2019-12-23 04:00:00+00:00,-98.0,7.8,-118.0,-4.2,,,12.0,42.47051239013572,-9.001410484313954,teste,42.47158241271472,-9.01099,42.47001534653466,-9.013381584158417,42.46707792927689,-9.007301149687493,42.46269389891156,-9.006275416682511
2,2019-12-23 04:23:05.910577059+00:00,2_2019-12-23 04:00:00+00:00,-93.0,9.5,-107.0,8.5,,,11.0,42.470489501953125,-9.00142755045155,teste,42.47158241271472,-9.01099,42.47086208641081,-9.013185440258175,42.46632300904602,-9.00631686881145,42.46445314315574,-9.00677786717894
3,2019-12-04 09:23:59.754514933+00:00,3_2019-12-04 09:00:00+00:00,-110.0,7.0,-118.0,-1.0,,,8.0,42.47071,-9.00177,treino,,,,,,,,
3,2019-12-04 09:24:07.215349913+00:00,3_2019-12-04 09:00:00+00:00,-110.0,7.2,-117.0,-2.0,,,7.0,42.47071,-9.00177,treino,,,,,,,,
3,2019-12-04 09:24:45.799429893+00:00,3_2019-12-04 09:00:00+00:00,-110.0,4.5,-115.0,-3.5,-119.0,-15.5,12.0,42.47071,-9.00178,treino,,,,,,,,
3,2019-12-04 09:24:55.347872972+00:00,3_2019-12-04 09:00:00+00:00,-111.0,4.0,-118.0,-2.0,-120.0,-15.2,11.0,42.4707,-9.00177,treino,,,,,,,,
3,2019-12-04 09:25:03.320597887+00:00,3_2019-12-04 09:00:00+00:00,-109.0,5.8,-118.0,-1.5,-119.0,-15.5,10.0,42.4707,-9.00177,treino,,,,,,,,
3,2019-12-04 09:25:04.204385042+00:00,3_2019-12-04 09:00:00+00:00,-111.0,5.8,-118.0,-1.0,,,7.0,42.4707,-9.00175,treino,,,,,,,,
3,2019-12-04 09:25:10.705828905+00:00,3_2019-12-04 09:00:00+00:00,-111.0,5.2,-118.0,-2.2,,,9.0,42.47059,-9.00177,treino,,,,,,,,
3,2019-12-04 09:25:18.175184965+00:00,3_2019-12-04 09:00:00+00:00,-111.0,5.8,-118.0,-2.0,,,8.0,42.47059,-9.00177,treino,,,,,,,,
3,2019-12-04 09:25:25.571331978+00:00,3_2019-12-04 09:00:00+00:00,-110.0,7.5,-118.0,-1.5,,,7.0,42.47059,-9.00177,treino,,,,,,,,
3,2019-12-04 09:25:43.921516895+00:00,3_2019-12-04 09:00:00+00:00,-119.0,-7.0,-120.0,-13.0,,,12.0,42.47059,-9.00175,treino,,,,,,,,
3,2019-12-04 09:25:50.519818067+00:00,3_2019-12-04 09:00:00+00:00,-115.0,0.8,-120.0,-5.5,-120.0,-13.0,10.0,42.47059,-9.00175,treino,,,,,,,,
3,2019-12-04 09:25:52.548418045+00:00,3_2019-12-04 09:00:00+00:00,-118.0,-1.0,-115.0,0.5,-120.0,-13.5,11.0,42.47059,-9.00175,treino,,,,,,,,
3,2019-12-04 09:25:55.209707975+00:00,3_2019-12-04 09:00:00+00:00,-110.0,3.2,-118.0,-2.0,-119.0,-15.2,12.0,42.47059,-9.00177,treino,,,,,,,,
3,2019-12-04 09:25:57.752300978+00:00,3_2019-12-04 09:00:00+00:00,-115.0,-2.5,,,,,9.0,42.47055,-9.00179,treino,,,,,,,,
3,2019-12-04 09:26:13.814482927+00:00,3_2019-12-04 09:00:00+00:00,-111.0,4.0,-117.0,-2.0,-120.0,-15.0,11.0,42.47059,-9.00177,treino,,,,,,,,
3,2019-12-04 09:26:15.348555088+00:00,3_2019-12-04 09:00:00+00:00,-115.0,-0.8,,,,,8.0,42.47055,-9.00179,treino,,,,,,,,
3,2019-12-04 09:26:21.925775051+00:00,3_2019-12-04 09:00:00+00:00,-110.0,5.8,-117.0,-2.8,-119.0,-15.2,10.0,42.47059,-9.00175,treino,,,,,,,,
3,2019-12-04 09:26:22.885282040+00:00,3_2019-12-04 09:00:00+00:00,-115.0,2.2,,,,,7.0,42.47055,-9.00179,treino,,,,,,,,
3,2019-12-04 09:26:29.255498885+00:00,3_2019-12-04 09:00:00+00:00,-111.0,5.8,-117.0,-3.0,-120.0,-14.8,9.0,42.47059,-9.00175,treino,,,,,,,,
3,2019-12-04 09:26:35.557317019+00:00,3_2019-12-04 09:00:00+00:00,-111.0,7.0,-118.0,-0.8,,,8.0,42.4707,-9.00175,treino,,,,,,,,
3,2019-12-04 09:28:42.575581074+00:00,3_2019-12-04 09:00:00+00:00,-112.0,3.2,-121.0,-11.0,-120.0,-13.2,12.0,42.47055,-9.0018,treino,,,,,,,,
3,2019-12-04 09:28:51.272998095+00:00,3_2019-12-04 09:00:00+00:00,-114.0,2.0,,,-120.0,-19.2,11.0,42.47055,-9.0018,treino,,,,,,,,
3,2019-12-04 09:28:59.518479109+00:00,3_2019-12-04 09:00:00+00:00,-118.0,-2.5,-121.0,-15.8,,,10.0,42.47051,-9.00181,treino,,,,,,,,
3,2019-12-04 09:29:05.911518097+00:00,3_2019-12-04 09:00:00+00:00,-115.0,-2.8,-118.0,-14.0,,,9.0,42.47051,-9.00181,treino,,,,,,,,
3,2019-12-04 09:29:11.541994095+00:00,3_2019-12-04 09:00:00+00:00,-113.0,4.5,,,,,7.0,42.47051,-9.00181,treino,,,,,,,,
3,2019-12-04 09:29:14.720172882+00:00,3_2019-12-04 09:00:00+00:00,,,-120.0,-8.5,,,8.0,42.47051,-9.00181,treino,,,,,,,,
3,2019-12-04 09:30:01.571289062+00:00,3_2019-12-04 09:30:00+00:00,-105.0,7.0,,,,,12.0,42.47051,-9.00181,treino,,,,,,,,
3,2019-12-04 09:30:09.982924938+00:00,3_2019-12-04 09:30:00+00:00,-105.0,7.0,-118.0,-2.2,-119.0,-5.2,11.0,42.47051,-9.00182,treino,,,,,,,,
3,2019-12-04 09:30:18.025181055+00:00,3_2019-12-04 09:30:00+00:00,-104.0,10.0,-115.0,-0.2,,,10.0,42.47051,-9.00182,treino,,,,,,,,
3,2019-12-04 09:30:25.415088892+00:00,3_2019-12-04 09:30:00+00:00,-101.0,12.0,-115.0,0.8,,,9.0,42.47051,-9.00182,treino,,,,,,,,
3,2019-12-04 09:30:32.519418955+00:00,3_2019-12-04 09:30:00+00:00,-117.0,-1.2,-117.0,-1.8,,,8.0,42.47055,-9.00175,treino,,,,,,,,
3,2019-12-04 09:30:39.981956959+00:00,3_2019-12-04 09:30:00+00:00,-118.0,-7.2,-115.0,-3.8,,,7.0,42.47055,-9.00175,treino,,,,,,,,
3,2019-12-04 09:31:19.377295017+00:00,3_2019-12-04 09:30:00+00:00,-95.0,8.2,-115.0,1.2,-120.0,-9.8,12.0,42.47042,-9.00155,treino,,,,,,,,
3,2019-12-04 09:31:27.973897934+00:00,3_2019-12-04 09:30:00+00:00,-93.0,7.8,-112.0,3.2,-119.0,-5.5,11.0,42.47042,-9.00155,treino,,,,,,,,
3,2019-12-04 09:31:35.071077108+00:00,3_2019-12-04 09:30:00+00:00,-91.0,12.5,-114.0,1.5,-119.0,-8.8,10.0,42.47042,-9.00155,treino,,,,,,,,
3,2019-12-04 09:31:43.733925104+00:00,3_2019-12-04 09:30:00+00:00,-93.0,12.5,-113.0,4.8,-119.0,-10.2,9.0,42.47041,-9.00155,treino,,,,,,,,
3,2019-12-04 09:31:51.251171111+00:00,3_2019-12-04 09:30:00+00:00,-95.0,15.0,-117.0,1.0,-120.0,-10.5,8.0,42.47011,-9.00193,treino,,,,,,,,
3,2019-12-04 09:31:58.828411102+00:00,3_2019-12-04 09:30:00+00:00,-95.0,11.0,-115.0,0.5,-118.0,-9.0,7.0,42.4701,-9.00194,treino,,,,,,,,
3,2019-12-04 09:32:35.988198042+00:00,3_2019-12-04 09:30:00+00:00,-97.0,5.5,-104.0,5.8,-119.0,-13.0,11.0,42.47008,-9.00202,treino,,,,,,,,
3,2019-12-04 09:32:38.517384052+00:00,3_2019-12-04 09:30:00+00:00,-95.0,7.2,-107.0,4.0,-118.0,-5.8,12.0,42.4701,-9.00195,treino,,,,,,,,
3,2019-12-04 09:32:55.041800022+00:00,3_2019-12-04 09:30:00+00:00,-99.0,12.2,-107.0,9.5,,,10.0,42.45982,-9.00257,treino,,,,,,,,
3,2019-12-04 09:33:02.392549992+00:00,3_2019-12-04 09:30:00+00:00,-100.0,10.5,,,,,9.0,42.45982,-9.00258,treino,,,,,,,,
3,2019-12-04 09:33:09.804927111+00:00,3_2019-12-04 09:30:00+00:00,-101.0,11.0,-117.0,-2.8,,,8.0,42.45982,-9.00259,treino,,,,,,,,
3,2019-12-04 09:33:17.394551992+00:00,3_2019-12-04 09:30:00+00:00,-103.0,11.0,-111.0,5.8,,,7.0,42.45982,-9.0027,treino,,,,,,,,
3,2019-12-04 09:33:55.933377028+00:00,3_2019-12-04 09:30:00+00:00,-102.0,7.8,-115.0,0.0,,,12.0,42.45983,-9.00278,treino,,,,,,,,
3,2019-12-04 09:34:05.431294918+00:00,3_2019-12-04 09:30:00+00:00,-119.0,-5.2,-108.0,5.8,,,11.0,42.45982,-9.00292,treino,,,,,,,,
3,2019-12-04 09:34:10.832742929+00:00,3_2019-12-04 09:30:00+00:00,-114.0,4.0,-98.0,12.0,,,9.0,42.45982,-9.00292,treino,,,,,,,,
3,2019-12-04 09:34:13.424891949+00:00,3_2019-12-04 09:30:00+00:00,-114.0,1.0,-95.0,9.5,,,10.0,42.45982,-9.00292,treino,,,,,,,,
3,2019-12-04 09:34:18.317431927+00:00,3_2019-12-04 09:30:00+00:00,-111.0,7.8,-105.0,12.0,,,8.0,42.45982,-9.00292,treino,,,,,,,,
3,2019-12-04 09:34:35.154459+00:00,3_2019-12-04 09:30:00+00:00,-110.0,5.5,-105.0,9.8,,,7.0,42.45983,-9.0029,treino,,,,,,,,
3,2019-12-04 09:35:15.859883070+00:00,3_2019-12-04 09:30:00+00:00,-115.0,-2.5,-111.0,3.8,,,12.0,42.45983,-9.0029,treino,,,,,,,,
3,2019-12-04 09:35:24.521995067+00:00,3_2019-12-04 09:30:00+00:00,-117.0,-3.2,-113.0,3.2,,,11.0,42.45983,-9.0029,treino,,,,,,,,
3,2019-12-04 09:35:32.435882092+00:00,3_2019-12-04 09:30:00+00:00,-110.0,5.8,-109.0,5.5,,,10.0,42.45983,-9.0029,treino,,,,,,,,
3,2019-12-04 09:35:39.332535028+00:00,3_2019-12-04 09:30:00+00:00,-110.0,7.0,-102.0,11.2,,,9.0,42.45983,-9.0029,treino,,,,,,,,
3,2019-12-04 09:35:47.007050991+00:00,3_2019-12-04 09:30:00+00:00,-114.0,3.2,-103.0,12.2,,,8.0,42.45985,-9.00288,treino,,,,,,,,
3,2019-12-04 09:35:54.510890007+00:00,3_2019-12-04 09:30:00+00:00,-117.0,-4.8,-102.0,10.2,,,7.0,42.45985,-9.00288,treino,,,,,,,,
3,2019-12-04 09:36:34.272349119+00:00,3_2019-12-04 09:30:00+00:00,-99.0,5.5,-120.0,-11.2,,,12.0,42.45985,-9.00288,treino,,,,,,,,
3,2019-12-04 09:36:43.077517986+00:00,3_2019-12-04 09:30:00+00:00,-105.0,5.8,-119.0,-4.2,-120.0,-15.5,11.0,42.45985,-9.00288,treino,,,,,,,,
3,2019-12-04 09:36:50.535156965+00:00,3_2019-12-04 09:30:00+00:00,-101.0,8.8,-107.0,8.2,-119.0,-11.2,10.0,42.4599,-9.00315,treino,,,,,,,,
3,2019-12-04 09:36:58.037776947+00:00,3_2019-12-04 09:30:00+00:00,-103.0,10.8,-110.0,8.0,,,9.0,42.45991,-9.00315,treino,,,,,,,,
3,2019-12-04 09:37:05.509517907+00:00,3_2019-12-04 09:30:00+00:00,-105.0,10.5,-111.0,5.8,,,8.0,42.45991,-9.00318,treino,,,,,,,,
3,2019-12-04 09:37:13.115451097+00:00,3_2019-12-04 09:30:00+00:00,-109.0,8.0,-105.0,10.0,,,7.0,42.45992,-9.00319,treino,,,,,,,,
3,2019-12-04 09:37:52.743922949+00:00,3_2019-12-04 09:30:00+00:00,-105.0,5.2,-115.0,-1.0,,,12.0,42.45992,-9.0032,treino,,,,,,,,
3,2019-12-04 09:38:01.224359035+00:00,3_2019-12-04 09:30:00+00:00,-107.0,5.2,-117.0,0.5,,,11.0,42.47002,-9.00413,treino,,,,,,,,
3,2019-12-04 09:38:09.324927092+00:00,3_2019-12-04 09:30:00+00:00,-111.0,7.0,,,,,10.0,42.47001,-9.00414,treino,,,,,,,,
3,2019-12-04 09:38:15.515295029+00:00,3_2019-12-04 09:30:00+00:00,-107.0,7.5,-113.0,2.8,,,9.0,42.47001,-9.00415,treino,,,,,,,,
3,2019-12-04 09:38:24.158554077+00:00,3_2019-12-04 09:30:00+00:00,-117.0,-5.5,-114.0,2.5,,,8.0,42.47001,-9.00417,treino,,,,,,,,
3,2019-12-04 09:38:31.579435110+00:00,3_2019-12-04 09:30:00+00:00,-113.0,5.5,-120.0,-7.0,,,7.0,42.47,-9.00418,treino,,,,,,,,
3,2019-12-04 09:39:10.077594042+00:00,3_2019-12-04 09:30:00+00:00,-105.0,5.2,,,,,11.0,42.45977,-9.00449,treino,,,,,,,,
3,2019-12-04 09:39:11.388092041+00:00,3_2019-12-04 09:30:00+00:00,-110.0,5.2,-119.0,-4.2,,,12.0,42.45979,-9.00448,treino,,,,,,,,
3,2019-12-04 09:39:18.090790987+00:00,3_2019-12-04 09:30:00+00:00,-110.0,2.5,-119.0,-10.2,,,10.0,42.45977,-9.00449,treino,,,,,,,,
3,2019-12-04 09:39:35.473170042+00:00,3_2019-12-04 09:30:00+00:00,-113.0,5.2,,,,,9.0,42.45945,-9.00472,treino,,,,,,,,
3,2019-12-04 09:39:43.415097952+00:00,3_2019-12-04 09:30:00+00:00,-105.0,10.5,,,,,8.0,42.45935,-9.00485,treino,,,,,,,,
3,2019-12-04 09:39:51.004913092+00:00,3_2019-12-04 09:30:00+00:00,-113.0,2.2,,,,,7.0,42.45935,-9.00485,treino,,,,,,,,
3,2019-12-04 09:40:39.257282018+00:00,3_2019-12-04 09:30:00+00:00,-105.0,5.8,,,,,11.0,42.4593,-9.00488,treino,,,,,,,,
3,2019-12-04 09:40:47.135839939+00:00,3_2019-12-04 09:30:00+00:00,-99.0,11.0,,,,,10.0,42.45893,-9.00487,treino,,,,,,,,
3,2019-12-04 09:40:52.054353952+00:00,3_2019-12-04 09:30:00+00:00,-110.0,5.5,,,,,8.0,42.45891,-9.00487,treino,,,,,,,,
3,2019-12-04 09:40:54.531855105+00:00,3_2019-12-04 09:30:00+00:00,-109.0,7.2,,,,,9.0,42.45892,-9.00487,treino,,,,,,,,
3,2019-12-04 09:40:59.550098896+00:00,3_2019-12-04 09:30:00+00:00,-95.0,11.5,,,,,7.0,42.45889,-9.00487,treino,,,,,,,,
3,2019-12-04 09:41:45.077197075+00:00,3_2019-12-04 09:30:00+00:00,-105.0,11.0,-119.0,-3.8,,,10.0,42.45852,-9.00493,treino,,,,,,,,
3,2019-12-04 09:41:49.108978033+00:00,3_2019-12-04 09:30:00+00:00,-92.0,10.2,,,,,12.0,42.45884,-9.0049,treino,,,,,,,,
3,2019-12-04 09:41:52.810384035+00:00,3_2019-12-04 09:30:00+00:00,-95.0,11.2,-117.0,-4.5,,,9.0,42.45889,-9.00487,treino,,,,,,,,
3,2019-12-04 09:41:57.581315041+00:00,3_2019-12-04 09:30:00+00:00,-105.0,3.2,-117.0,-7.8,,,11.0,42.45854,-9.00495,treino,,,,,,,,
3,2019-12-04 09:42:00.293998957+00:00,3_2019-12-04 09:30:00+00:00,-109.0,7.8,,,,,8.0,42.4589,-9.00487,treino,,,,,,,,
3,2019-12-04 09:42:05.783734083+00:00,3_2019-12-04 09:30:00+00:00,-98.0,9.5,-114.0,1.5,,,10.0,42.45854,-9.00495,treino,,,,,,,,
3,2019-12-04 09:42:07.823400974+00:00,3_2019-12-04 09:30:00+00:00,-98.0,13.2,-119.0,-3.8,,,7.0,42.45895,-9.00485,treino,,,,,,,,
3,2019-12-04 09:42:13.135504961+00:00,3_2019-12-04 09:30:00+00:00,-87.0,12.0,-115.0,2.8,,,9.0,42.45854,-9.00495,treino,,,,,,,,
3,2019-12-04 09:42:20.845551014+00:00,3_2019-12-04 09:30:00+00:00,-89.0,14.5,-113.0,4.8,,,8.0,42.45851,-9.00493,treino,,,,,,,,
3,2019-12-04 09:42:28.573354959+00:00,3_2019-12-04 09:30:00+00:00,-90.0,11.5,-114.0,3.8,,,7.0,42.45851,-9.00493,treino,,,,,,,,
3,2019-12-04 09:42:37.577533007+00:00,3_2019-12-04 09:30:00+00:00,-101.0,5.2,,,,,12.0,42.45895,-9.00485,treino,,,,,,,,
3,2019-12-04 09:42:55.975953102+00:00,3_2019-12-04 09:30:00+00:00,-101.0,5.2,,,,,11.0,42.45901,-9.00487,treino,,,,,,,,
3,2019-12-04 09:43:04.042551994+00:00,3_2019-12-04 09:30:00+00:00,-105.0,9.5,,,,,10.0,42.45901,-9.00487,treino,,,,,,,,
3,2019-12-04 09:43:08.214844942+00:00,3_2019-12-04 09:30:00+00:00,-105.0,5.8,-119.0,-10.8,-119.0,-18.5,12.0,42.45851,-9.00493,treino,,,,,,,,
3,2019-12-04 09:43:11.397588015+00:00,3_2019-12-04 09:30:00+00:00,-119.0,-3.2,,,,,9.0,42.45902,-9.00487,treino,,,,,,,,
3,2019-12-04 09:43:15.897377968+00:00,3_2019-12-04 09:30:00+00:00,-97.0,5.5,-118.0,-5.2,,,11.0,42.45851,-9.00493,treino,,,,,,,,
3,2019-12-04 09:43:18.781959057+00:00,3_2019-12-04 09:30:00+00:00,-110.0,8.2,,,,,8.0,42.45907,-9.00509,treino,,,,,,,,
3,2019-12-04 09:45:05.300204992+00:00,3_2019-12-04 09:30:00+00:00,-110.0,5.2,,,,,7.0,42.45907,-9.00509,treino,,,,,,,,
3,2019-12-04 09:45:45.973592043+00:00,3_2019-12-04 09:30:00+00:00,-108.0,5.0,,,,,12.0,42.45899,-9.00535,treino,,,,,,,,
3,2019-12-04 09:45:52.552742004+00:00,3_2019-12-04 09:30:00+00:00,-119.0,-5.5,-120.0,-13.0,,,10.0,42.45899,-9.00535,treino,,,,,,,,
3,2019-12-04 09:45:54.572159052+00:00,3_2019-12-04 09:30:00+00:00,-118.0,-4.2,-120.0,-13.5,,,11.0,42.45899,-9.00535,treino,,,,,,,,
3,2019-12-04 09:45:59.720253944+00:00,3_2019-12-04 09:30:00+00:00,-113.0,2.8,,,,,9.0,42.45898,-9.00539,treino,,,,,,,,
3,2019-12-04 09:46:17.245354891+00:00,3_2019-12-04 09:30:00+00:00,-118.0,-4.0,,,,,8.0,42.45898,-9.00539,treino,,,,,,,,
3,2019-12-04 09:46:24.793212891+00:00,3_2019-12-04 09:30:00+00:00,-113.0,1.8,,,,,7.0,42.45901,-9.00529,treino,,,,,,,,
3,2019-12-04 09:47:04.550056934+00:00,3_2019-12-04 09:30:00+00:00,-105.0,4.8,-120.0,-15.2,,,12.0,42.45902,-9.00528,treino,,,,,,,,
3,2019-12-04 09:47:13.523808002+00:00,3_2019-12-04 09:30:00+00:00,-103.0,5.8,-119.0,-12.2,,,11.0,42.45905,-9.00515,treino,,,,,,,,
3,2019-12-04 09:47:21.575953960+00:00,3_2019-12-04 09:30:00+00:00,-115.0,-0.5,-118.0,-8.8,,,10.0,42.45907,-9.00515,treino,,,,,,,,
3,2019-12-04 09:47:28.478795052+00:00,3_2019-12-04 09:30:00+00:00,-107.0,9.0,-120.0,-9.2,,,9.0,42.45918,-9.00491,treino,,,,,,,,
3,2019-12-04 09:47:33.505181074+00:00,3_2019-12-04 09:30:00+00:00,-108.0,8.2,,,,,7.0,42.4592,-9.00492,treino,,,,,,,,
3,2019-12-04 09:47:35.950858116+00:00,3_2019-12-04 09:30:00+00:00,-100.0,13.8,,,,,8.0,42.45919,-9.00491,treino,,,,,,,,
3,2019-12-04 09:48:23.272856951+00:00,3_2019-12-04 09:30:00+00:00,-111.0,3.8,-119.0,-14.5,,,12.0,42.45935,-9.00489,treino,,,,,,,,
3,2019-12-04 09:48:31.878212929+00:00,3_2019-12-04 09:30:00+00:00,-105.0,5.2,,,,,11.0,42.45937,-9.0049,treino,,,,,,,,
3,2019-12-04 09:48:39.750188112+00:00,3_2019-12-04 09:30:00+00:00,-112.0,5.8,,,,,10.0,42.45949,-9.00535,treino,,,,,,,,
3,2019-12-04 09:48:47.127152920+00:00,3_2019-12-04 09:30:00+00:00,-110.0,5.0,,,,,9.0,42.4595,-9.00535,treino,,,,,,,,
3,2019-12-04 09:48:55.057334900+00:00,3_2019-12-04 09:30:00+00:00,-117.0,-5.8,,,,,8.0,42.45958,-9.00544,treino,,,,,,,,
3,2019-12-04 09:49:02.534974097+00:00,3_2019-12-04 09:30:00+00:00,-115.0,0.8,,,,,7.0,42.45959,-9.00545,treino,,,,,,,,
3,2019-12-04 09:49:42.170521975+00:00,3_2019-12-04 09:30:00+00:00,-117.0,-2.0,-120.0,-15.2,,,12.0,42.45984,-9.0055,treino,,,,,,,,
3,2019-12-04 09:49:50.774955034+00:00,3_2019-12-04 09:30:00+00:00,-114.0,3.0,-120.0,-8.8,,,11.0,42.45985,-9.00551,treino,,,,,,,,
3,2019-12-04 09:49:58.755817890+00:00,3_2019-12-04 09:30:00+00:00,-104.0,9.2,,,,,10.0,42.47028,-9.00559,treino,,,,,,,,
3,2019-12-04 09:50:05.127837896+00:00,3_2019-12-04 09:30:00+00:00,-107.0,9.2,-121.0,-10.0,,,9.0,42.47029,-9.00559,treino,,,,,,,,
3,2019-12-04 09:50:13.520783901+00:00,3_2019-12-04 09:30:00+00:00,-115.0,2.8,,,,,8.0,42.4703,-9.0057,treino,,,,,,,,
3,2019-12-04 09:50:21.155791044+00:00,3_2019-12-04 09:30:00+00:00,,,-117.0,-2.5,-119.0,-9.5,7.0,42.47045,-9.00575,treino,,,,,,,,
3,2019-12-04 09:50:50.825891972+00:00,3_2019-12-04 09:30:00+00:00,-117.0,-5.8,-115.0,-3.2,-119.0,-14.0,12.0,42.47048,-9.00577,treino,,,,,,,,
3,2019-12-04 09:50:59.192831993+00:00,3_2019-12-04 09:30:00+00:00,-119.0,-5.5,-114.0,3.2,-119.0,-8.2,11.0,42.47054,-9.00584,treino,,,,,,,,
3,2019-12-04 09:51:17.252115011+00:00,3_2019-12-04 09:30:00+00:00,-118.0,-5.5,-112.0,3.5,-119.0,-7.5,10.0,42.47055,-9.00584,treino,,,,,,,,
3,2019-12-04 09:51:24.584855080+00:00,3_2019-12-04 09:30:00+00:00,-119.0,-7.5,-112.0,3.8,-119.0,-12.2,9.0,42.47055,-9.00584,treino,,,,,,,,
3,2019-12-04 09:51:31.533339977+00:00,3_2019-12-04 09:30:00+00:00,-118.0,-5.0,-111.0,5.0,-118.0,-11.2,8.0,42.47073,-9.00571,treino,,,,,,,,
3,2019-12-04 09:51:39.150454998+00:00,3_2019-12-04 09:30:00+00:00,-120.0,-5.5,-111.0,7.5,,,7.0,42.47073,-9.00571,treino,,,,,,,,
3,2019-12-04 09:52:19.031789064+00:00,3_2019-12-04 09:30:00+00:00,-111.0,3.8,-118.0,-2.8,-119.0,-11.2,12.0,42.47073,-9.00571,treino,,,,,,,,
3,2019-12-04 09:52:27.523230076+00:00,3_2019-12-04 09:30:00+00:00,-109.0,5.5,-111.0,3.8,-119.0,-5.0,11.0,42.47072,-9.00571,treino,,,,,,,,
3,2019-12-04 09:52:33.328471899+00:00,3_2019-12-04 09:30:00+00:00,,,-113.0,4.5,-115.0,0.2,9.0,42.47073,-9.00572,treino,,,,,,,,
3,2019-12-04 09:52:35.015554905+00:00,3_2019-12-04 09:30:00+00:00,,,-108.0,7.8,-119.0,-5.2,10.0,42.47073,-9.00572,treino,,,,,,,,
3,2019-12-04 09:52:50.957582951+00:00,3_2019-12-04 09:30:00+00:00,-113.0,4.8,-114.0,5.2,-119.0,-5.5,8.0,42.47082,-9.00589,treino,,,,,,,,
3,2019-12-04 09:52:58.558238029+00:00,3_2019-12-04 09:30:00+00:00,-118.0,-3.5,-109.0,8.5,-119.0,-5.0,7.0,42.47082,-9.0059,treino,,,,,,,,
3,2019-12-04 09:53:38.531008005+00:00,3_2019-12-04 09:30:00+00:00,-119.0,-5.5,-112.0,3.5,-119.0,-14.2,12.0,42.47097,-9.00595,treino,,,,,,,,
3,2019-12-04 09:55:01.847274065+00:00,3_2019-12-04 09:30:00+00:00,-119.0,-9.5,-101.0,5.8,-119.0,-11.8,12.0,42.47125,-9.00594,treino,,,,,,,,
3,2019-12-04 09:55:10.473371983+00:00,3_2019-12-04 09:30:00+00:00,-120.0,-9.2,-110.0,5.8,,,11.0,42.47125,-9.00594,treino,,,,,,,,
3,2019-12-04 09:55:18.592992067+00:00,3_2019-12-04 09:30:00+00:00,-119.0,-10.2,-108.0,7.2,,,10.0,42.47125,-9.00594,treino,,,,,,,,
3,2019-12-04 09:55:25.953588009+00:00,3_2019-12-04 09:30:00+00:00,-117.0,-1.2,,,-119.0,-12.5,9.0,42.47125,-9.00594,treino,,,,,,,,
3,2019-12-04 09:55:34.202533007+00:00,3_2019-12-04 09:30:00+00:00,-119.0,-12.5,-101.0,11.5,,,8.0,42.47148,-9.00595,treino,,,,,,,,
3,2019-12-04 09:55:41.795293093+00:00,3_2019-12-04 09:30:00+00:00,,,-102.0,12.0,,,7.0,42.47148,-9.00595,treino,,,,,,,,
3,2019-12-04 09:56:21.451009989+00:00,3_2019-12-04 09:30:00+00:00,,,-105.0,4.0,-119.0,-9.2,12.0,42.47149,-9.00597,treino,,,,,,,,
3,2019-12-04 09:56:30.085575104+00:00,3_2019-12-04 09:30:00+00:00,,,-102.0,8.5,,,11.0,42.47151,-9.00598,treino,,,,,,,,
3,2019-12-04 09:56:38.157090902+00:00,3_2019-12-04 09:30:00+00:00,,,-105.0,10.0,-119.0,-13.8,10.0,42.47151,-9.00598,treino,,,,,,,,
3,2019-12-04 09:56:45.738169909+00:00,3_2019-12-04 09:30:00+00:00,,,-102.0,11.2,-120.0,-8.0,9.0,42.47185,-9.00707,treino,,,,,,,,
3,2019-12-04 09:56:53.239594936+00:00,3_2019-12-04 09:30:00+00:00,,,-104.0,10.8,,,8.0,42.47185,-9.00707,treino,,,,,,,,
3,2019-12-04 09:57:00.795094967+00:00,3_2019-12-04 09:30:00+00:00,,,-98.0,11.0,,,7.0,42.47187,-9.00707,treino,,,,,,,,
3,2019-12-04 09:57:30.577553988+00:00,3_2019-12-04 09:30:00+00:00,-118.0,-13.8,-105.0,5.2,-118.0,-9.2,12.0,42.47193,-9.00709,treino,,,,,,,,
3,2019-12-04 09:57:39.379517078+00:00,3_2019-12-04 09:30:00+00:00,,,-105.0,5.0,,,11.0,42.4723,-9.00722,treino,,,,,,,,
3,2019-12-04 09:57:57.511854887+00:00,3_2019-12-04 09:30:00+00:00,,,-104.0,12.5,,,10.0,42.4723,-9.00722,treino,,,,,,,,
3,2019-12-04 09:58:04.855442047+00:00,3_2019-12-04 09:30:00+00:00,,,-95.0,12.5,,,9.0,42.47231,-9.00722,treino,,,,,,,,
3,2019-12-04 09:58:11.872021914+00:00,3_2019-12-04 09:30:00+00:00,,,-98.0,14.0,-119.0,-11.0,8.0,42.47233,-9.00725,treino,,,,,,,,
3,2019-12-04 09:58:19.404489994+00:00,3_2019-12-04 09:30:00+00:00,,,-104.0,11.8,,,7.0,42.47234,-9.00725,treino,,,,,,,,
3,2019-12-04 09:58:37.410954952+00:00,3_2019-12-04 09:30:00+00:00,,,-95.0,8.0,-119.0,-5.0,12.0,42.47257,-9.00575,treino,,,,,,,,
3,2019-12-04 09:58:45.044287920+00:00,3_2019-12-04 09:30:00+00:00,,,-97.0,5.5,-118.0,-5.2,11.0,42.47257,-9.00575,treino,,,,,,,,
3,2019-12-04 09:58:53.957551003+00:00,3_2019-12-04 09:30:00+00:00,-119.0,-9.5,-105.0,9.0,-118.0,-7.5,10.0,42.47257,-9.00575,treino,,,,,,,,
3,2019-12-04 09:58:58.802542925+00:00,3_2019-12-04 09:30:00+00:00,-119.0,-15.5,-94.0,8.2,-118.0,-8.5,12.0,42.47248,-9.00712,treino,,,,,,,,
3,2019-12-04 09:59:01.354754925+00:00,3_2019-12-04 09:30:00+00:00,-120.0,-10.0,-100.0,11.2,-120.0,-10.5,9.0,42.47257,-9.00575,treino,,,,,,,,
3,2019-12-04 09:59:07.458946943+00:00,3_2019-12-04 09:30:00+00:00,,,-98.0,7.8,-118.0,-7.5,11.0,42.47248,-9.00712,treino,,,,,,,,
3,2019-12-04 09:59:08.871987104+00:00,3_2019-12-04 09:30:00+00:00,-118.0,-10.5,-102.0,11.0,,,8.0,42.47258,-9.00575,treino,,,,,,,,
3,2019-12-04 09:59:12.871454+00:00,3_2019-12-04 09:30:00+00:00,,,-100.0,11.2,-119.0,-10.2,9.0,42.47255,-9.00579,treino,,,,,,,,
3,2019-12-04 09:59:15.459374905+00:00,3_2019-12-04 09:30:00+00:00,,,-104.0,11.5,,,7.0,42.47258,-9.00575,treino,,,,,,,,
3,2019-12-04 09:59:15.503751040+00:00,3_2019-12-04 09:30:00+00:00,,,-97.0,12.0,-119.0,-5.8,10.0,42.47249,-9.00712,treino,,,,,,,,
3,2019-12-04 09:59:30.373584986+00:00,3_2019-12-04 09:30:00+00:00,,,-98.0,10.0,,,8.0,42.47255,-9.00579,treino,,,,,,,,
3,2019-12-04 09:59:37.727958918+00:00,3_2019-12-04 09:30:00+00:00,,,-97.0,11.0,-119.0,-5.5,7.0,42.47255,-9.00575,treino,,,,,,,,
3,2019-12-04 09:59:55.551877975+00:00,3_2019-12-04 09:30:00+00:00,-119.0,-13.8,-105.0,5.0,-120.0,-10.5,12.0,42.47271,-9.00589,treino,,,,,,,,
3,2019-12-04 10:01:45.175991058+00:00,3_2019-12-04 10:00:00+00:00,,,-98.0,5.8,-119.0,-11.2,11.0,42.47271,-9.00589,treino,,,,,,,,
3,2019-12-04 10:01:53.197119951+00:00,3_2019-12-04 10:00:00+00:00,-119.0,-4.8,-115.0,2.8,-119.0,-11.0,10.0,42.4727,-9.00703,treino,,,,,,,,
3,2019-12-04 10:02:00.512515068+00:00,3_2019-12-04 10:00:00+00:00,,,-112.0,5.0,,,9.0,42.4727,-9.00702,treino,,,,,,,,
3,2019-12-04 10:02:08.440771103+00:00,3_2019-12-04 10:00:00+00:00,-119.0,-7.5,-113.0,4.0,,,8.0,42.47252,-9.00703,treino,,,,,,,,
3,2019-12-04 10:02:15.071033001+00:00,3_2019-12-04 10:00:00+00:00,,,-102.0,11.8,,,7.0,42.47244,-9.00718,treino,,,,,,,,
3,2019-12-04 10:02:55.783519983+00:00,3_2019-12-04 10:00:00+00:00,-118.0,-15.2,-115.0,-2.0,-119.0,-15.0,12.0,42.47244,-9.00719,treino,,,,,,,,
3,2019-12-04 10:03:04.452524900+00:00,3_2019-12-04 10:00:00+00:00,,,-115.0,1.0,,,11.0,42.47243,-9.0072,treino,,,,,,,,
3,2019-12-04 10:03:12.122946978+00:00,3_2019-12-04 10:00:00+00:00,,,-114.0,1.5,,,10.0,42.4724,-9.00725,treino,,,,,,,,
3,2019-12-04 10:03:19.493123055+00:00,3_2019-12-04 10:00:00+00:00,,,-118.0,-4.2,,,9.0,42.4724,-9.00725,treino,,,,,,,,
3,2019-12-04 10:03:27.115474939+00:00,3_2019-12-04 10:00:00+00:00,,,-115.0,3.0,,,8.0,42.47279,-9.00774,treino,,,,,,,,
3,2019-12-04 10:03:34.580595016+00:00,3_2019-12-04 10:00:00+00:00,,,-115.0,2.8,,,7.0,42.47281,-9.00774,treino,,,,,,,,
3,2019-12-04 10:04:12.419533014+00:00,3_2019-12-04 10:00:00+00:00,,,-117.0,-2.2,,,11.0,42.47295,-9.00779,treino,,,,,,,,
3,2019-12-04 10:04:30.458842993+00:00,3_2019-12-04 10:00:00+00:00,,,-115.0,-11.2,,,10.0,42.47295,-9.0078,treino,,,,,,,,
3,2019-12-04 10:04:38.229053020+00:00,3_2019-12-04 10:00:00+00:00,,,-118.0,0.0,,,9.0,42.47342,-9.00805,treino,,,,,,,,
3,2019-12-04 10:04:45.755534887+00:00,3_2019-12-04 10:00:00+00:00,,,-117.0,-3.0,,,8.0,42.47343,-9.00805,treino,,,,,,,,
3,2019-12-04 10:04:53.304409027+00:00,3_2019-12-04 10:00:00+00:00,,,-115.0,-0.8,,,7.0,42.47348,-9.00811,treino,,,,,,,,
3,2019-12-04 10:05:32.955455065+00:00,3_2019-12-04 10:00:00+00:00,-120.0,-17.0,-115.0,1.0,-120.0,-21.5,12.0,42.47348,-9.00811,treino,,,,,,,,
3,2019-12-04 10:05:42.043728113+00:00,3_2019-12-04 10:00:00+00:00,,,-110.0,4.5,,,11.0,42.47348,-9.00812,treino,,,,,,,,
3,2019-12-04 10:05:50.045784950+00:00,3_2019-12-04 10:00:00+00:00,,,-110.0,7.2,-119.0,-12.0,10.0,42.47348,-9.00812,treino,,,,,,,,
3,2019-12-04 10:05:54.854073048+00:00,3_2019-12-04 10:00:00+00:00,,,-107.0,11.0,,,8.0,42.47385,-9.00822,treino,,,,,,,,
3,2019-12-04 10:05:57.371751070+00:00,3_2019-12-04 10:00:00+00:00,,,-107.0,7.8,,,9.0,42.47384,-9.00822,treino,,,,,,,,
3,2019-12-04 10:06:12.473547935+00:00,3_2019-12-04 10:00:00+00:00,,,-104.0,11.5,,,7.0,42.47401,-9.00825,treino,,,,,,,,
3,2019-12-04 10:06:52.187527895+00:00,3_2019-12-04 10:00:00+00:00,,,-105.0,4.2,-119.0,-7.8,12.0,42.47402,-9.00825,treino,,,,,,,,
3,2019-12-04 10:07:01.042737007+00:00,3_2019-12-04 10:00:00+00:00,,,-105.0,5.5,-119.0,-17.2,11.0,42.47418,-9.00832,treino,,,,,,,,
3,2019-12-04 10:07:09.103121042+00:00,3_2019-12-04 10:00:00+00:00,,,-102.0,11.8,,,10.0,42.47419,-9.00832,treino,,,,,,,,
3,2019-12-04 10:07:15.523255110+00:00,3_2019-12-04 10:00:00+00:00,,,-110.0,7.8,,,9.0,42.47452,-9.00854,treino,,,,,,,,
3,2019-12-04 10:07:24.115170002+00:00,3_2019-12-04 10:00:00+00:00,,,-113.0,3.5,,,8.0,42.47453,-9.00855,treino,,,,,,,,
3,2019-12-04 10:07:31.299410105+00:00,3_2019-12-04 10:00:00+00:00,,,-110.0,7.5,,,7.0,42.47474,-9.00874,treino,,,,,,,,
3,2019-12-04 10:08:11.015084982+00:00,3_2019-12-04 10:00:00+00:00,-118.0,-21.0,-114.0,1.0,-119.0,-10.8,12.0,42.47475,-9.00874,treino,,,,,,,,
3,2019-12-04 10:08:19.705286980+00:00,3_2019-12-04 10:00:00+00:00,-120.0,-14.2,-115.0,1.8,-120.0,-9.5,11.0,42.47475,-9.00875,treino,,,,,,,,
3,2019-12-04 10:08:27.898713112+00:00,3_2019-12-04 10:00:00+00:00,,,-105.0,1.2,-120.0,-12.5,10.0,42.47489,-9.00881,treino,,,,,,,,
3,2019-12-04 10:08:35.314743042+00:00,3_2019-12-04 10:00:00+00:00,,,-105.0,8.0,,,9.0,42.47534,-9.00921,treino,,,,,,,,
3,2019-12-04 10:08:42.815454006+00:00,3_2019-12-04 10:00:00+00:00,,,-111.0,5.8,,,8.0,42.47535,-9.00922,treino,,,,,,,,
3,2019-12-04 10:08:50.395291090+00:00,3_2019-12-04 10:00:00+00:00,,,-114.0,4.2,,,7.0,42.47535,-9.00923,treino,,,,,,,,
3,2019-12-04 10:09:19.808347940+00:00,3_2019-12-04 10:00:00+00:00,,,-118.0,-5.2,,,12.0,42.47541,-9.00928,treino,,,,,,,,
3,2019-12-04 10:09:38.450974941+00:00,3_2019-12-04 10:00:00+00:00,,,-111.0,3.0,,,11.0,42.47542,-9.00929,treino,,,,,,,,
3,2019-12-04 10:09:45.410279036+00:00,3_2019-12-04 10:00:00+00:00,,,-119.0,-4.8,,,10.0,42.47554,-9.00958,treino,,,,,,,,
3,2019-12-04 10:09:53.799454927+00:00,3_2019-12-04 10:00:00+00:00,,,-117.0,0.0,,,9.0,42.47554,-9.00958,treino,,,,,,,,
3,2019-12-04 10:10:01.351511002+00:00,3_2019-12-04 10:00:00+00:00,,,-118.0,-0.5,,,8.0,42.47554,-9.00958,treino,,,,,,,,
3,2019-12-04 10:10:08.555288076+00:00,3_2019-12-04 10:00:00+00:00,,,-115.0,0.0,,,7.0,42.47551,-9.00971,treino,,,,,,,,
3,2019-12-04 10:10:48.411314964+00:00,3_2019-12-04 10:00:00+00:00,,,-119.0,-4.8,,,12.0,42.47551,-9.00971,treino,,,,,,,,
3,2019-12-04 10:10:55.159539938+00:00,3_2019-12-04 10:00:00+00:00,,,-113.0,4.5,,,10.0,42.47547,-9.00975,treino,,,,,,,,
3,2019-12-04 10:10:57.077541113+00:00,3_2019-12-04 10:00:00+00:00,,,-119.0,-4.5,,,11.0,42.47548,-9.00975,treino,,,,,,,,
3,2019-12-04 10:11:12.524373055+00:00,3_2019-12-04 10:00:00+00:00,,,-118.0,-1.2,,,9.0,42.47547,-9.00975,treino,,,,,,,,
3,2019-12-04 10:11:19.592892885+00:00,3_2019-12-04 10:00:00+00:00,,,-112.0,4.8,,,8.0,42.47545,-9.00978,treino,,,,,,,,
3,2019-12-04 10:12:05.812220097+00:00,3_2019-12-04 10:00:00+00:00,,,-112.0,2.0,,,12.0,42.47545,-9.00978,treino,,,,,,,,
3,2019-12-04 10:12:15.517024040+00:00,3_2019-12-04 10:00:00+00:00,,,-105.0,5.8,,,11.0,42.47545,-9.00978,treino,,,,,,,,
3,2019-12-04 10:12:23.571244001+00:00,3_2019-12-04 10:00:00+00:00,,,-108.0,8.5,,,10.0,42.47544,-9.00979,treino,,,,,,,,
3,2019-12-04 10:12:30.804920912+00:00,3_2019-12-04 10:00:00+00:00,,,-114.0,3.5,,,9.0,42.47538,-9.0098,treino,,,,,,,,
3,2019-12-04 10:12:35.273575068+00:00,3_2019-12-04 10:00:00+00:00,,,-118.0,-4.0,,,7.0,42.47555,-9.00971,treino,,,,,,,,
3,2019-12-04 10:12:38.554274082+00:00,3_2019-12-04 10:00:00+00:00,,,-120.0,-9.8,,,8.0,42.47555,-9.0097,treino,,,,,,,,
3,2019-12-04 10:13:25.979185104+00:00,3_2019-12-04 10:00:00+00:00,,,-120.0,-8.2,,,12.0,42.47557,-9.00972,treino,,,,,,,,
3,2019-12-04 10:13:34.583894968+00:00,3_2019-12-04 10:00:00+00:00,,,-120.0,-7.5,,,11.0,42.47571,-9.00975,treino,,,,,,,,
3,2019-12-04 10:13:42.893949986+00:00,3_2019-12-04 10:00:00+00:00,,,-115.0,-7.0,,,10.0,42.47513,-9.00998,treino,,,,,,,,
3,2019-12-04 10:13:57.798141003+00:00,3_2019-12-04 10:00:00+00:00,,,-117.0,1.8,,,8.0,42.47515,-9.00997,treino,,,,,,,,
3,2019-12-04 10:14:05.555156946+00:00,3_2019-12-04 10:00:00+00:00,,,-114.0,4.2,,,7.0,42.4752,-9.00997,treino,,,,,,,,
3,2019-12-04 10:14:45.315994978+00:00,3_2019-12-04 10:00:00+00:00,,,,,-119.0,-15.8,12.0,42.47533,-9.01001,treino,,,,,,,,
3,2019-12-04 10:14:53.980385065+00:00,3_2019-12-04 10:00:00+00:00,,,-120.0,-10.8,,,11.0,42.47534,-9.01,treino,,,,,,,,
3,2019-12-04 10:15:02.057154894+00:00,3_2019-12-04 10:00:00+00:00,,,-117.0,0.8,,,10.0,42.47535,-9.01,treino,,,,,,,,
3,2019-12-04 10:15:03.284774065+00:00,3_2019-12-04 10:00:00+00:00,-120.0,-7.5,,,,,7.0,42.47595,-9.01001,treino,,,,,,,,
3,2019-12-04 10:15:09.107774973+00:00,3_2019-12-04 10:00:00+00:00,,,-119.0,-5.5,,,9.0,42.47541,-9.00985,treino,,,,,,,,
3,2019-12-04 10:15:17.114214897+00:00,3_2019-12-04 10:00:00+00:00,,,-119.0,-10.5,,,8.0,42.47547,-9.01002,treino,,,,,,,,
3,2019-12-04 10:15:42.854087114+00:00,3_2019-12-04 10:00:00+00:00,,,-115.0,-0.5,,,12.0,42.47597,-9.01,treino,,,,,,,,
3,2019-12-04 10:15:51.275458097+00:00,3_2019-12-04 10:00:00+00:00,,,-118.0,-8.2,,,11.0,42.47701,-9.01011,treino,,,,,,,,
3,2019-12-04 10:15:54.452995062+00:00,3_2019-12-04 10:00:00+00:00,,,-109.0,5.0,,,12.0,42.47549,-9.01003,treino,,,,,,,,
3,2019-12-04 10:15:55.775175095+00:00,3_2019-12-04 10:00:00+00:00,,,-120.0,-7.2,,,9.0,42.47701,-9.0101,treino,,,,,,,,
3,2019-12-04 10:15:59.374357939+00:00,3_2019-12-04 10:00:00+00:00,,,-120.0,-7.0,,,10.0,42.47701,-9.01011,treino,,,,,,,,
3,2019-12-04 10:16:12.955014944+00:00,3_2019-12-04 10:00:00+00:00,,,-110.0,4.8,,,11.0,42.47554,-9.01005,treino,,,,,,,,
3,2019-12-04 10:16:14.250294923+00:00,3_2019-12-04 10:00:00+00:00,,,-115.0,1.0,,,8.0,42.47701,-9.0101,treino,,,,,,,,
3,2019-12-04 10:16:20.842120886+00:00,3_2019-12-04 10:00:00+00:00,,,-119.0,-5.2,,,10.0,42.47595,-9.01001,treino,,,,,,,,
3,2019-12-04 10:16:28.202136993+00:00,3_2019-12-04 10:00:00+00:00,-119.0,-12.2,,,,,9.0,42.47595,-9.01001,treino,,,,,,,,
3,2019-12-04 10:16:35.707878113+00:00,3_2019-12-04 10:00:00+00:00,-118.0,-12.5,-119.0,-7.2,,,8.0,42.47595,-9.01001,treino,,,,,,,,
3,2019-12-04 10:19:37.327972889+00:00,3_2019-12-04 10:00:00+00:00,,,-95.0,9.2,,,12.0,42.47703,-9.0099,treino,,,,,,,,
3,2019-12-04 10:19:45.973411083+00:00,3_2019-12-04 10:00:00+00:00,,,-100.0,7.2,,,11.0,42.47703,-9.0099,treino,,,,,,,,
3,2019-12-04 10:19:54.087749958+00:00,3_2019-12-04 10:00:00+00:00,,,-107.0,9.2,,,10.0,42.47703,-9.0099,treino,,,,,,,,
3,2019-12-04 10:20:01.357307911+00:00,3_2019-12-04 10:00:00+00:00,,,-109.0,5.8,,,9.0,42.47703,-9.0099,treino,,,,,,,,
3,2019-12-04 10:20:08.783519030+00:00,3_2019-12-04 10:00:00+00:00,,,-114.0,2.8,,,8.0,42.47727,-9.0097,treino,,,,,,,,
3,2019-12-04 10:20:15.322753906+00:00,3_2019-12-04 10:00:00+00:00,,,-105.0,10.0,,,7.0,42.47727,-9.00959,treino,,,,,,,,
3,2019-12-04 10:20:55.047801018+00:00,3_2019-12-04 10:00:00+00:00,,,-111.0,2.2,-119.0,-14.0,12.0,42.47728,-9.00958,treino,,,,,,,,
3,2019-12-04 10:21:12.788053036+00:00,3_2019-12-04 10:00:00+00:00,,,-109.0,5.8,,,10.0,42.4773,-9.00955,treino,,,,,,,,
3,2019-12-04 10:21:19.912123919+00:00,3_2019-12-04 10:00:00+00:00,,,-117.0,-1.5,,,9.0,42.47797,-9.00904,treino,,,,,,,,
3,2019-12-04 10:21:27.412539005+00:00,3_2019-12-04 10:00:00+00:00,,,-117.0,1.0,,,8.0,42.47798,-9.00903,treino,,,,,,,,
3,2019-12-04 10:21:35.013225079+00:00,3_2019-12-04 10:00:00+00:00,,,-119.0,-5.5,,,7.0,42.47799,-9.00902,treino,,,,,,,,
3,2019-12-04 10:22:14.590941906+00:00,3_2019-12-04 10:00:00+00:00,-117.0,-3.2,-117.0,-2.5,,,12.0,42.47799,-9.00901,treino,,,,,,,,
3,2019-12-04 10:22:23.359916925+00:00,3_2019-12-04 10:00:00+00:00,-119.0,-8.2,-115.0,0.0,-119.0,-10.2,11.0,42.478,-9.00901,treino,,,,,,,,
3,2019-12-04 10:22:31.512227058+00:00,3_2019-12-04 10:00:00+00:00,-117.0,-4.2,,,-119.0,-7.8,10.0,42.47849,-9.0088,treino,,,,,,,,
3,2019-12-04 10:22:35.427493095+00:00,3_2019-12-04 10:00:00+00:00,,,-115.0,0.5,-119.0,-8.0,8.0,42.47851,-9.00879,treino,,,,,,,,
3,2019-12-04 10:22:38.909491062+00:00,3_2019-12-04 10:00:00+00:00,-118.0,-2.0,-117.0,0.2,-119.0,-8.5,9.0,42.4785,-9.00879,treino,,,,,,,,
3,2019-12-04 10:22:53.999494076+00:00,3_2019-12-04 10:00:00+00:00,,,,,-119.0,-5.8,7.0,42.47855,-9.0088,treino,,,,,,,,
3,2019-12-04 10:23:23.141876936+00:00,3_2019-12-04 10:00:00+00:00,-105.0,10.0,-115.0,3.8,-117.0,-0.2,7.0,42.4783,-9.01095,treino,,,,,,,,
3,2019-12-04 10:23:33.973555088+00:00,3_2019-12-04 10:00:00+00:00,-120.0,-15.8,-111.0,4.2,-118.0,-4.5,12.0,42.47855,-9.00878,treino,,,,,,,,
3,2019-12-04 10:23:42.545074940+00:00,3_2019-12-04 10:00:00+00:00,-120.0,-13.2,-112.0,5.2,-117.0,-2.2,11.0,42.47857,-9.00878,treino,,,,,,,,
3,2019-12-04 10:23:50.709594965+00:00,3_2019-12-04 10:00:00+00:00,-120.0,-15.5,-115.0,1.8,-118.0,-4.5,10.0,42.47858,-9.00877,treino,,,,,,,,
3,2019-12-04 10:23:57.973476887+00:00,3_2019-12-04 10:00:00+00:00,-120.0,-12.2,-114.0,3.5,-118.0,-4.2,9.0,42.47895,-9.00858,treino,,,,,,,,
3,2019-12-04 10:24:02.838788033+00:00,3_2019-12-04 10:00:00+00:00,,,-104.0,5.2,-108.0,4.5,12.0,42.4783,-9.01094,treino,,,,,,,,
3,2019-12-04 10:24:05.858510017+00:00,3_2019-12-04 10:00:00+00:00,-119.0,-12.8,-115.0,1.0,-117.0,-3.0,8.0,42.47903,-9.00857,treino,,,,,,,,
3,2019-12-04 10:24:11.800858021+00:00,3_2019-12-04 10:00:00+00:00,-115.0,-2.2,-104.0,5.8,-108.0,5.0,11.0,42.47845,-9.01088,treino,,,,,,,,
3,2019-12-04 10:24:13.445157051+00:00,3_2019-12-04 10:00:00+00:00,,,-108.0,9.5,-115.0,-1.5,7.0,42.47903,-9.00857,treino,,,,,,,,
3,2019-12-04 10:24:17.239784956+00:00,3_2019-12-04 10:00:00+00:00,-108.0,9.0,-97.0,13.5,-104.0,10.8,9.0,42.47847,-9.01088,treino,,,,,,,,
3,2019-12-04 10:24:19.871478081+00:00,3_2019-12-04 10:00:00+00:00,-111.0,5.0,-95.0,13.0,-115.0,1.8,10.0,42.47845,-9.01088,treino,,,,,,,,
3,2019-12-04 10:24:34.802417994+00:00,3_2019-12-04 10:00:00+00:00,-114.0,0.2,-95.0,12.0,-110.0,5.5,8.0,42.4785,-9.01098,treino,,,,,,,,
3,2019-12-04 10:24:42.590719938+00:00,3_2019-12-04 10:00:00+00:00,-105.0,8.8,-98.0,11.2,-107.0,7.8,7.0,42.47844,-9.01127,treino,,,,,,,,
3,2019-12-04 10:24:53.155952930+00:00,3_2019-12-04 10:00:00+00:00,,,-118.0,-2.8,,,12.0,42.47903,-9.00857,treino,,,,,,,,
3,2019-12-04 10:25:01.553044081+00:00,3_2019-12-04 10:00:00+00:00,,,-117.0,-3.8,,,11.0,42.47904,-9.00857,treino,,,,,,,,
3,2019-12-04 10:25:15.994755030+00:00,3_2019-12-04 10:00:00+00:00,,,-120.0,-8.0,,,9.0,42.47908,-9.00859,treino,,,,,,,,
3,2019-12-04 10:25:22.290827990+00:00,3_2019-12-04 10:00:00+00:00,-105.0,4.8,-103.0,5.8,-104.0,5.2,12.0,42.47844,-9.01129,treino,,,,,,,,
3,2019-12-04 10:25:30.955935001+00:00,3_2019-12-04 10:00:00+00:00,-100.0,7.8,-111.0,5.8,-107.0,5.2,11.0,42.47843,-9.0113,treino,,,,,,,,
3,2019-12-04 10:25:32.083988905+00:00,3_2019-12-04 10:00:00+00:00,-117.0,-1.5,-105.0,10.8,-118.0,-2.5,7.0,42.47908,-9.00859,treino,,,,,,,,
3,2019-12-04 10:25:38.500047922+00:00,3_2019-12-04 10:00:00+00:00,-97.0,11.2,-110.0,5.8,-102.0,11.8,10.0,42.47843,-9.01137,treino,,,,,,,,
3,2019-12-04 10:25:45.522953986+00:00,3_2019-12-04 10:00:00+00:00,-95.0,10.8,-107.0,8.0,-108.0,5.8,9.0,42.47798,-9.01198,treino,,,,,,,,
3,2019-12-04 10:25:51.581703901+00:00,3_2019-12-04 10:00:00+00:00,-103.0,11.2,-105.0,9.5,-108.0,8.5,7.0,42.47795,-9.01201,treino,,,,,,,,
3,2019-12-04 10:25:54.107310057+00:00,3_2019-12-04 10:00:00+00:00,-98.0,14.2,-107.0,10.5,-107.0,9.2,8.0,42.47797,-9.012,treino,,,,,,,,
3,2019-12-04 10:26:11.427891016+00:00,3_2019-12-04 10:00:00+00:00,-120.0,-7.5,-118.0,-0.8,-119.0,-7.2,12.0,42.47907,-9.00859,treino,,,,,,,,
3,2019-12-04 10:26:20.378004074+00:00,3_2019-12-04 10:00:00+00:00,-119.0,-4.5,-119.0,-9.8,-118.0,-3.8,11.0,42.4789,-9.00895,treino,,,,,,,,
3,2019-12-04 10:26:28.418710947+00:00,3_2019-12-04 10:00:00+00:00,-119.0,-8.2,,,-118.0,-4.0,10.0,42.4789,-9.00897,treino,,,,,,,,
3,2019-12-04 10:26:35.755505085+00:00,3_2019-12-04 10:00:00+00:00,-118.0,-12.5,-114.0,1.0,-118.0,-5.2,9.0,42.47891,-9.00898,treino,,,,,,,,
3,2019-12-04 10:26:41.098417044+00:00,3_2019-12-04 10:00:00+00:00,-108.0,3.8,-117.0,-1.2,-103.0,5.2,12.0,42.47795,-9.01205,treino,,,,,,,,
3,2019-12-04 10:26:43.441950083+00:00,3_2019-12-04 10:00:00+00:00,-119.0,-8.2,-114.0,3.5,,,8.0,42.479,-9.00905,treino,,,,,,,,
3,2019-12-04 10:26:49.707055092+00:00,3_2019-12-04 10:00:00+00:00,-110.0,4.8,-113.0,2.8,-100.0,5.5,11.0,42.47793,-9.01215,treino,,,,,,,,
3,2019-12-04 10:26:51.255004883+00:00,3_2019-12-04 10:00:00+00:00,,,-107.0,9.8,,,7.0,42.47914,-9.00939,treino,,,,,,,,
3,2019-12-04 10:26:57.741508007+00:00,3_2019-12-04 10:00:00+00:00,-105.0,10.0,-110.0,7.8,-111.0,5.0,10.0,42.47793,-9.01217,treino,,,,,,,,
3,2019-12-04 10:27:05.111537933+00:00,3_2019-12-04 10:00:00+00:00,-100.0,12.2,-108.0,9.0,-113.0,4.2,9.0,42.47793,-9.01219,treino,,,,,,,,
3,2019-12-04 10:27:12.519752026+00:00,3_2019-12-04 10:00:00+00:00,-92.0,15.0,-110.0,8.0,-108.0,8.8,8.0,42.47793,-9.01221,treino,,,,,,,,
3,2019-12-04 10:27:20.045880079+00:00,3_2019-12-04 10:00:00+00:00,-95.0,12.2,,,-102.0,11.2,7.0,42.47795,-9.01232,treino,,,,,,,,
3,2019-12-04 10:27:30.945523024+00:00,3_2019-12-04 10:00:00+00:00,,,-115.0,-0.5,-119.0,-18.8,12.0,42.47914,-9.0094,treino,,,,,,,,
3,2019-12-04 10:27:37.759885073+00:00,3_2019-12-04 10:00:00+00:00,,,-105.0,8.0,,,10.0,42.47918,-9.0095,treino,,,,,,,,
3,2019-12-04 10:27:39.594038010+00:00,3_2019-12-04 10:00:00+00:00,,,-112.0,4.0,,,11.0,42.47915,-9.00941,treino,,,,,,,,
3,2019-12-04 10:27:55.451112032+00:00,3_2019-12-04 10:00:00+00:00,,,-104.0,11.2,-119.0,-13.8,9.0,42.47909,-9.00975,treino,,,,,,,,
3,2019-12-04 10:27:59.443552017+00:00,3_2019-12-04 10:00:00+00:00,-114.0,-1.0,-113.0,2.8,-110.0,4.0,12.0,42.47805,-9.01272,treino,,,,,,,,
3,2019-12-04 10:28:02.948220968+00:00,3_2019-12-04 10:00:00+00:00,,,-105.0,11.8,,,8.0,42.47908,-9.00975,treino,,,,,,,,
3,2019-12-04 10:28:08.122124910+00:00,3_2019-12-04 10:00:00+00:00,-105.0,5.8,-113.0,3.0,-114.0,1.0,11.0,42.47805,-9.01273,treino,,,,,,,,
3,2019-12-04 10:28:11.079493999+00:00,3_2019-12-04 10:00:00+00:00,,,-102.0,10.5,,,7.0,42.47909,-9.00975,treino,,,,,,,,
3,2019-12-04 10:28:15.195173979+00:00,3_2019-12-04 10:00:00+00:00,-107.0,7.8,-113.0,3.2,,,10.0,42.47805,-9.01274,treino,,,,,,,,
3,2019-12-04 10:28:23.580024958+00:00,3_2019-12-04 10:00:00+00:00,-109.0,7.0,-107.0,8.2,-115.0,0.5,9.0,42.47805,-9.01275,treino,,,,,,,,
3,2019-12-04 10:28:31.135149956+00:00,3_2019-12-04 10:00:00+00:00,-108.0,7.2,-108.0,8.0,-114.0,1.8,8.0,42.4782,-9.0132,treino,,,,,,,,
3,2019-12-04 10:28:38.219090939+00:00,3_2019-12-04 10:00:00+00:00,-104.0,11.0,-112.0,5.2,-114.0,2.2,7.0,42.47823,-9.01328,treino,,,,,,,,
3,2019-12-04 10:28:50.511584044+00:00,3_2019-12-04 10:00:00+00:00,,,-105.0,5.0,-119.0,-8.2,12.0,42.47909,-9.00975,treino,,,,,,,,
3,2019-12-04 10:28:59.237452984+00:00,3_2019-12-04 10:00:00+00:00,,,-110.0,4.5,-120.0,-11.0,11.0,42.47909,-9.00975,treino,,,,,,,,
3,2019-12-04 10:29:07.342952967+00:00,3_2019-12-04 10:00:00+00:00,,,-113.0,3.0,-118.0,-7.0,10.0,42.47909,-9.00975,treino,,,,,,,,
3,2019-12-04 10:29:12.147432089+00:00,3_2019-12-04 10:00:00+00:00,,,-101.0,11.5,,,8.0,42.47913,-9.00994,treino,,,,,,,,
3,2019-12-04 10:29:14.525752067+00:00,3_2019-12-04 10:00:00+00:00,,,-109.0,5.5,-118.0,-8.2,9.0,42.47912,-9.00993,treino,,,,,,,,
3,2019-12-04 10:29:15.505753040+00:00,3_2019-12-04 10:00:00+00:00,-105.0,5.0,-113.0,2.8,-113.0,2.2,11.0,42.47824,-9.01328,treino,,,,,,,,
3,2019-12-04 10:29:17.932842016+00:00,3_2019-12-04 10:00:00+00:00,-97.0,7.2,-100.0,7.2,-110.0,3.5,12.0,42.47823,-9.01328,treino,,,,,,,,
3,2019-12-04 10:29:19.554120064+00:00,3_2019-12-04 10:00:00+00:00,,,-105.0,10.8,-115.0,0.8,7.0,42.47919,-9.01029,treino,,,,,,,,
3,2019-12-04 10:29:34.590522051+00:00,3_2019-12-04 10:00:00+00:00,-103.0,9.5,-112.0,5.8,-115.0,0.8,10.0,42.47824,-9.01328,treino,,,,,,,,
3,2019-12-04 10:29:49.895351887+00:00,3_2019-12-04 10:00:00+00:00,-107.0,5.0,-115.0,0.0,-112.0,4.0,8.0,42.47823,-9.01329,treino,,,,,,,,
3,2019-12-04 10:29:57.484421968+00:00,3_2019-12-04 10:00:00+00:00,-105.0,8.5,-115.0,1.8,-111.0,5.0,7.0,42.47823,-9.01329,treino,,,,,,,,
3,2019-12-04 10:30:09.354351997+00:00,3_2019-12-04 10:30:00+00:00,,,-101.0,5.0,-119.0,-7.0,12.0,42.47919,-9.0103,treino,,,,,,,,
3,2019-12-04 10:30:18.308350086+00:00,3_2019-12-04 10:30:00+00:00,,,-93.0,7.5,-117.0,-2.5,11.0,42.47923,-9.01049,treino,,,,,,,,
3,2019-12-04 10:30:25.427228928+00:00,3_2019-12-04 10:30:00+00:00,,,-95.0,11.8,-118.0,-5.2,10.0,42.47923,-9.0105,treino,,,,,,,,
3,2019-12-04 10:30:33.785592079+00:00,3_2019-12-04 10:30:00+00:00,-120.0,-14.2,-98.0,12.8,-113.0,4.2,9.0,42.47925,-9.01079,treino,,,,,,,,
3,2019-12-04 10:30:37.253573895+00:00,3_2019-12-04 10:30:00+00:00,-102.0,5.2,-105.0,7.0,-120.0,-8.8,12.0,42.47823,-9.0133,treino,,,,,,,,
3,2019-12-04 10:30:41.308175087+00:00,3_2019-12-04 10:30:00+00:00,,,-101.0,11.0,-118.0,-7.2,8.0,42.47925,-9.01079,treino,,,,,,,,
3,2019-12-04 10:30:45.341175079+00:00,3_2019-12-04 10:30:00+00:00,-99.0,9.2,-114.0,3.5,-109.0,4.8,11.0,42.47823,-9.01329,treino,,,,,,,,
3,2019-12-04 10:30:49.054486990+00:00,3_2019-12-04 10:30:00+00:00,-120.0,-10.5,-95.0,13.0,-119.0,-5.2,7.0,42.47925,-9.01079,treino,,,,,,,,
3,2019-12-04 10:30:51.782893896+00:00,3_2019-12-04 10:30:00+00:00,-102.0,9.2,-107.0,7.5,,,9.0,42.47823,-9.01329,treino,,,,,,,,
3,2019-12-04 10:30:54.394470930+00:00,3_2019-12-04 10:30:00+00:00,-107.0,5.8,-110.0,-10.0,-113.0,4.2,10.0,42.47823,-9.01329,treino,,,,,,,,
3,2019-12-04 10:30:59.271308899+00:00,3_2019-12-04 10:30:00+00:00,-105.0,11.2,-104.0,12.2,-107.0,9.8,8.0,42.47823,-9.01329,treino,,,,,,,,
3,2019-12-04 10:31:15.855552912+00:00,3_2019-12-04 10:30:00+00:00,-105.0,10.8,-111.0,5.5,-107.0,9.5,7.0,42.47823,-9.01329,treino,,,,,,,,
3,2019-12-04 10:31:28.777791977+00:00,3_2019-12-04 10:30:00+00:00,-120.0,-13.0,-109.0,5.0,-120.0,-12.5,12.0,42.47925,-9.01079,treino,,,,,,,,
3,2019-12-04 10:31:37.013205051+00:00,3_2019-12-04 10:30:00+00:00,-117.0,-1.8,-110.0,5.2,-113.0,2.8,11.0,42.47925,-9.0108,treino,,,,,,,,
3,2019-12-04 10:31:45.078753948+00:00,3_2019-12-04 10:30:00+00:00,-118.0,-10.2,-109.0,7.2,-115.0,1.0,10.0,42.47925,-9.0108,treino,,,,,,,,
3,2019-12-04 10:31:45.120924950+00:00,3_2019-12-04 10:30:00+00:00,-103.0,5.0,-103.0,8.0,-113.0,3.8,11.0,42.4777,-9.01419,treino,,,,,,,,
3,2019-12-04 10:31:45.588752031+00:00,3_2019-12-04 10:30:00+00:00,,,-105.0,9.0,-105.0,8.5,7.0,42.47857,-9.01088,treino,,,,,,,,
3,2019-12-04 10:31:52.473773003+00:00,3_2019-12-04 10:30:00+00:00,-115.0,-2.5,-108.0,7.0,-113.0,3.2,9.0,42.47925,-9.0108,treino,,,,,,,,
3,2019-12-04 10:31:53.205548048+00:00,3_2019-12-04 10:30:00+00:00,-95.0,10.0,-118.0,-3.2,-118.0,-8.5,10.0,42.4777,-9.01419,treino,,,,,,,,
3,2019-12-04 10:31:55.758090019+00:00,3_2019-12-04 10:30:00+00:00,-100.0,7.2,-112.0,2.5,-110.0,2.8,12.0,42.47817,-9.01331,treino,,,,,,,,
3,2019-12-04 10:32:00.151770115+00:00,3_2019-12-04 10:30:00+00:00,-120.0,-5.0,-105.0,10.8,-119.0,-5.5,8.0,42.47904,-9.01078,treino,,,,,,,,
3,2019-12-04 10:32:00.543450117+00:00,3_2019-12-04 10:30:00+00:00,-95.0,12.8,-107.0,9.8,-119.0,-7.2,9.0,42.47759,-9.0142,treino,,,,,,,,
3,2019-12-04 10:32:05.441107988+00:00,3_2019-12-04 10:30:00+00:00,-105.0,5.0,-108.0,5.0,-119.0,-9.0,11.0,42.47817,-9.01331,treino,,,,,,,,
3,2019-12-04 10:32:07.741528988+00:00,3_2019-12-04 10:30:00+00:00,,,-110.0,7.2,-119.0,-7.2,7.0,42.47903,-9.01079,treino,,,,,,,,
3,2019-12-04 10:32:08.421113968+00:00,3_2019-12-04 10:30:00+00:00,-99.0,11.2,-112.0,4.0,,,8.0,42.47753,-9.01421,treino,,,,,,,,
3,2019-12-04 10:32:13.498553991+00:00,3_2019-12-04 10:30:00+00:00,-105.0,7.2,-113.0,3.0,,,10.0,42.47817,-9.0133,treino,,,,,,,,
3,2019-12-04 10:32:15.147157907+00:00,3_2019-12-04 10:30:00+00:00,-99.0,12.5,-108.0,9.2,-119.0,-3.5,7.0,42.47741,-9.01409,treino,,,,,,,,
3,2019-12-04 10:32:20.835952997+00:00,3_2019-12-04 10:30:00+00:00,-105.0,9.8,-113.0,4.2,-117.0,-0.8,9.0,42.47805,-9.01338,treino,,,,,,,,
3,2019-12-04 10:32:25.219476938+00:00,3_2019-12-04 10:30:00+00:00,-105.0,5.0,-104.0,5.2,-108.0,5.8,12.0,42.47854,-9.01079,treino,,,,,,,,
3,2019-12-04 10:32:28.800780058+00:00,3_2019-12-04 10:30:00+00:00,-114.0,4.2,-109.0,8.8,-117.0,-0.2,8.0,42.47797,-9.01351,treino,,,,,,,,
3,2019-12-04 10:32:33.457587957+00:00,3_2019-12-04 10:30:00+00:00,-108.0,7.5,-115.0,1.8,-117.0,-5.0,10.0,42.47833,-9.01088,treino,,,,,,,,
3,2019-12-04 10:32:34.879307032+00:00,3_2019-12-04 10:30:00+00:00,-115.0,-1.5,-100.0,7.0,-119.0,-7.5,11.0,42.47853,-9.01078,treino,,,,,,,,
3,2019-12-04 10:32:35.377198935+00:00,3_2019-12-04 10:30:00+00:00,-100.0,10.5,-105.0,9.2,,,7.0,42.47795,-9.01352,treino,,,,,,,,
3,2019-12-04 10:32:37.124094963+00:00,3_2019-12-04 10:30:00+00:00,-119.0,-11.8,-105.0,5.0,-117.0,-2.8,12.0,42.47895,-9.01099,treino,,,,,,,,
3,2019-12-04 10:32:50.832137108+00:00,3_2019-12-04 10:30:00+00:00,-105.0,8.5,-100.0,11.0,-117.0,-2.0,9.0,42.47833,-9.01089,treino,,,,,,,,
3,2019-12-04 10:32:55.793431997+00:00,3_2019-12-04 10:30:00+00:00,-119.0,-5.0,-103.0,7.2,-114.0,-0.5,11.0,42.47895,-9.011,treino,,,,,,,,
3,2019-12-04 10:32:55.833583117+00:00,3_2019-12-04 10:30:00+00:00,-99.0,5.8,-115.0,1.0,-119.0,-12.0,12.0,42.4774,-9.01408,treino,,,,,,,,
3,2019-12-04 10:32:58.117213964+00:00,3_2019-12-04 10:30:00+00:00,-95.0,12.0,-104.0,10.2,-114.0,2.0,8.0,42.47833,-9.01095,treino,,,,,,,,
3,2019-12-04 10:33:03.841155052+00:00,3_2019-12-04 10:30:00+00:00,,,-105.0,8.5,-113.0,2.8,10.0,42.47893,-9.01107,treino,,,,,,,,
3,2019-12-04 10:33:04.501914977+00:00,3_2019-12-04 10:30:00+00:00,-102.0,7.0,-111.0,3.0,-118.0,-5.8,11.0,42.47739,-9.01408,treino,,,,,,,,
3,2019-12-04 10:33:05.713316917+00:00,3_2019-12-04 10:30:00+00:00,-100.0,12.2,-102.0,11.5,-114.0,3.2,7.0,42.47833,-9.01095,treino,,,,,,,,
3,2019-12-04 10:33:11.229554892+00:00,3_2019-12-04 10:30:00+00:00,-119.0,-5.0,-102.0,12.8,-113.0,4.2,9.0,42.47892,-9.01108,treino,,,,,,,,
3,2019-12-04 10:33:12.185019970+00:00,3_2019-12-04 10:30:00+00:00,-104.0,10.0,-115.0,1.2,-119.0,-14.5,10.0,42.47734,-9.01404,treino,,,,,,,,
3,2019-12-04 10:33:15.534524918+00:00,3_2019-12-04 10:30:00+00:00,-100.0,7.2,-109.0,5.0,-119.0,-7.5,12.0,42.47794,-9.01359,treino,,,,,,,,
3,2019-12-04 10:33:19.007281065+00:00,3_2019-12-04 10:30:00+00:00,-119.0,-7.0,-115.0,3.2,-104.0,12.2,8.0,42.47857,-9.01089,treino,,,,,,,,
3,2019-12-04 10:33:19.570513010+00:00,3_2019-12-04 10:30:00+00:00,-102.0,11.0,-118.0,-1.5,,,9.0,42.47733,-9.01403,treino,,,,,,,,
3,2019-12-04 10:35:07.172230005+00:00,3_2019-12-04 10:30:00+00:00,-99.0,12.0,-114.0,3.0,-118.0,-7.0,8.0,42.4759,-9.01394,treino,,,,,,,,
3,2019-12-04 10:35:14.775393009+00:00,3_2019-12-04 10:30:00+00:00,-102.0,11.8,-117.0,1.2,-117.0,-3.5,7.0,42.47589,-9.01394,treino,,,,,,,,
3,2019-12-04 10:35:25.918536901+00:00,3_2019-12-04 10:30:00+00:00,-98.0,5.8,-104.0,5.5,-115.0,1.0,12.0,42.47831,-9.01097,treino,,,,,,,,
3,2019-12-04 10:35:34.507407904+00:00,3_2019-12-04 10:30:00+00:00,-99.0,5.2,-105.0,5.2,-115.0,0.5,11.0,42.4783,-9.01097,treino,,,,,,,,
3,2019-12-04 10:35:42.354432106+00:00,3_2019-12-04 10:30:00+00:00,-101.0,11.0,-105.0,9.8,-115.0,0.0,10.0,42.47829,-9.011,treino,,,,,,,,
3,2019-12-04 10:35:49.775230885+00:00,3_2019-12-04 10:30:00+00:00,,,,,-114.0,2.5,9.0,42.47829,-9.011,treino,,,,,,,,
3,2019-12-04 10:35:53.712258101+00:00,3_2019-12-04 10:30:00+00:00,-107.0,5.5,-117.0,-1.0,,,11.0,42.47534,-9.01432,treino,,,,,,,,
3,2019-12-04 10:35:54.987107992+00:00,3_2019-12-04 10:30:00+00:00,-99.0,12.0,-105.0,10.0,-114.0,3.5,7.0,42.47829,-9.011,treino,,,,,,,,
3,2019-12-04 10:35:55.050223112+00:00,3_2019-12-04 10:30:00+00:00,-108.0,5.0,-115.0,0.8,-119.0,-7.0,12.0,42.47589,-9.01394,treino,,,,,,,,
3,2019-12-04 10:35:57.420525074+00:00,3_2019-12-04 10:30:00+00:00,-99.0,11.5,-107.0,9.0,-115.0,1.0,8.0,42.47829,-9.011,treino,,,,,,,,
3,2019-12-04 10:36:11.782788038+00:00,3_2019-12-04 10:30:00+00:00,-105.0,7.8,-115.0,-0.5,-114.0,3.0,10.0,42.47534,-9.01432,treino,,,,,,,,
3,2019-12-04 10:36:19.181221008+00:00,3_2019-12-04 10:30:00+00:00,-115.0,0.2,-118.0,-4.0,-115.0,1.2,9.0,42.47534,-9.01432,treino,,,,,,,,
3,2019-12-04 10:36:25.572156906+00:00,3_2019-12-04 10:30:00+00:00,-110.0,7.8,-115.0,2.5,-115.0,0.8,8.0,42.47534,-9.01433,treino,,,,,,,,
3,2019-12-04 10:36:34.301485062+00:00,3_2019-12-04 10:30:00+00:00,-113.0,5.0,-115.0,3.0,-117.0,0.5,7.0,42.47524,-9.01445,treino,,,,,,,,
3,2019-12-04 10:36:44.827485085+00:00,3_2019-12-04 10:30:00+00:00,-101.0,5.2,-107.0,5.2,-115.0,-1.0,12.0,42.47829,-9.011,treino,,,,,,,,
3,2019-12-04 10:36:53.511127949+00:00,3_2019-12-04 10:30:00+00:00,-98.0,7.2,-107.0,5.8,-115.0,0.5,11.0,42.47829,-9.011,treino,,,,,,,,
3,2019-12-04 10:37:01.823338985+00:00,3_2019-12-04 10:30:00+00:00,-99.0,10.0,-107.0,8.5,-115.0,0.5,10.0,42.47828,-9.01101,treino,,,,,,,,
3,2019-12-04 10:37:09.190500975+00:00,3_2019-12-04 10:30:00+00:00,-98.0,12.5,-105.0,8.8,-115.0,0.2,9.0,42.47828,-9.01101,treino,,,,,,,,
3,2019-12-04 10:37:13.995750904+00:00,3_2019-12-04 10:30:00+00:00,-104.0,5.2,-120.0,-9.2,-118.0,-5.0,12.0,42.47524,-9.01445,treino,,,,,,,,
3,2019-12-04 10:37:15.752836943+00:00,3_2019-12-04 10:30:00+00:00,-99.0,14.2,-105.0,10.8,-114.0,3.5,8.0,42.47828,-9.01099,treino,,,,,,,,
3,2019-12-04 10:37:22.559555054+00:00,3_2019-12-04 10:30:00+00:00,-115.0,0.2,-115.0,0.8,-115.0,-2.0,11.0,42.47524,-9.01445,treino,,,,,,,,
3,2019-12-04 10:37:24.318538904+00:00,3_2019-12-04 10:30:00+00:00,-99.0,12.5,-114.0,4.8,-117.0,0.5,7.0,42.47828,-9.01099,treino,,,,,,,,
3,2019-12-04 10:37:30.510587931+00:00,3_2019-12-04 10:30:00+00:00,-113.0,2.2,-113.0,3.5,-115.0,0.5,10.0,42.47525,-9.01445,treino,,,,,,,,
3,2019-12-04 10:37:35.002047062+00:00,3_2019-12-04 10:30:00+00:00,-105.0,8.5,-115.0,-3.0,-117.0,0.0,8.0,42.47525,-9.01445,treino,,,,,,,,
3,2019-12-04 10:37:38.512540102+00:00,3_2019-12-04 10:30:00+00:00,-117.0,-0.5,-119.0,-5.8,-110.0,7.2,9.0,42.47525,-9.01445,treino,,,,,,,,
3,2019-12-04 10:37:53.509301900+00:00,3_2019-12-04 10:30:00+00:00,-108.0,7.5,-119.0,-7.5,-115.0,0.5,7.0,42.47525,-9.01445,treino,,,,,,,,
3,2019-12-04 10:38:04.353018999+00:00,3_2019-12-04 10:30:00+00:00,-94.0,8.0,-113.0,2.2,-118.0,-5.0,12.0,42.47828,-9.01099,treino,,,,,,,,
3,2019-12-04 10:38:13.573546886+00:00,3_2019-12-04 10:30:00+00:00,-92.0,8.0,-117.0,-1.0,-115.0,-1.2,11.0,42.47828,-9.01099,treino,,,,,,,,
3,2019-12-04 10:38:21.541709900+00:00,3_2019-12-04 10:30:00+00:00,-95.0,10.5,-110.0,5.5,-113.0,2.8,10.0,42.47828,-9.01099,treino,,,,,,,,
3,2019-12-04 10:38:29.459588051+00:00,3_2019-12-04 10:30:00+00:00,-95.0,11.5,-115.0,2.8,-118.0,-5.2,9.0,42.47828,-9.01099,treino,,,,,,,,
3,2019-12-04 10:38:32.995776892+00:00,3_2019-12-04 10:30:00+00:00,-105.0,4.5,-119.0,-3.5,-115.0,-0.8,12.0,42.47525,-9.01445,treino,,,,,,,,
3,2019-12-04 10:38:35.859046936+00:00,3_2019-12-04 10:30:00+00:00,-95.0,14.5,-113.0,2.5,-117.0,0.8,8.0,42.47828,-9.01099,treino,,,,,,,,
3,2019-12-04 10:38:41.552329063+00:00,3_2019-12-04 10:30:00+00:00,-107.0,5.2,-120.0,-5.2,-115.0,-0.5,11.0,42.47524,-9.01447,treino,,,,,,,,
3,2019-12-04 10:38:44.439903975+00:00,3_2019-12-04 10:30:00+00:00,-94.0,12.5,-115.0,-4.5,-117.0,-1.2,7.0,42.47828,-9.01099,treino,,,,,,,,
3,2019-12-04 10:38:49.751288891+00:00,3_2019-12-04 10:30:00+00:00,-107.0,9.2,-119.0,-8.0,-115.0,0.5,10.0,42.47524,-9.01447,treino,,,,,,,,
3,2019-12-04 10:38:57.157536983+00:00,3_2019-12-04 10:30:00+00:00,-119.0,-5.0,-119.0,-5.2,-117.0,-3.2,9.0,42.47524,-9.01447,treino,,,,,,,,
3,2019-12-04 10:39:04.580003023+00:00,3_2019-12-04 10:30:00+00:00,-111.0,7.0,-121.0,-10.0,-117.0,-1.0,8.0,42.47524,-9.01447,treino,,,,,,,,
3,2019-12-04 10:39:11.935959101+00:00,3_2019-12-04 10:30:00+00:00,-115.0,2.8,-121.0,-8.0,,,7.0,42.47525,-9.01447,treino,,,,,,,,
3,2019-12-04 10:39:14.193125010+00:00,3_2019-12-04 10:30:00+00:00,-119.0,-9.2,-108.0,5.2,-115.0,1.2,12.0,42.47829,-9.01099,treino,,,,,,,,
3,2019-12-04 10:39:32.798799038+00:00,3_2019-12-04 10:30:00+00:00,-102.0,8.5,-101.0,8.8,-119.0,-13.8,11.0,42.47829,-9.01099,treino,,,,,,,,
3,2019-12-04 10:39:40.871494055+00:00,3_2019-12-04 10:30:00+00:00,-114.0,3.8,-109.0,8.8,,,10.0,42.47829,-9.01099,treino,,,,,,,,
3,2019-12-04 10:39:48.055028915+00:00,3_2019-12-04 10:30:00+00:00,-110.0,5.0,-99.0,10.2,-118.0,-5.8,9.0,42.4783,-9.01095,treino,,,,,,,,
3,2019-12-04 10:39:51.752027035+00:00,3_2019-12-04 10:30:00+00:00,-105.0,4.5,-115.0,-1.8,,,12.0,42.47525,-9.01447,treino,,,,,,,,
3,2019-12-04 10:39:55.581998110+00:00,3_2019-12-04 10:30:00+00:00,-107.0,8.2,-98.0,11.2,-113.0,3.8,8.0,42.4783,-9.01095,treino,,,,,,,,
3,2019-12-04 10:56:40.429574013+00:00,3_2019-12-04 10:30:00+00:00,-107.0,5.5,-118.0,-5.8,-119.0,-14.2,11.0,42.47524,-9.01447,treino,,,,,,,,
3,2019-12-04 10:56:48.498594046+00:00,3_2019-12-04 10:30:00+00:00,-105.0,10.0,-115.0,2.2,-117.0,-1.2,10.0,42.47524,-9.01447,treino,,,,,,,,
3,2019-12-04 10:56:55.910842896+00:00,3_2019-12-04 10:30:00+00:00,-118.0,-3.2,-115.0,0.0,-119.0,-7.0,9.0,42.47521,-9.01449,treino,,,,,,,,
3,2019-12-04 10:57:03.575958967+00:00,3_2019-12-04 10:30:00+00:00,-113.0,5.5,-113.0,4.8,,,8.0,42.47522,-9.01448,treino,,,,,,,,
3,2019-12-04 10:57:11.285430908+00:00,3_2019-12-04 10:30:00+00:00,-113.0,4.5,-115.0,2.0,-119.0,-7.8,7.0,42.47522,-9.01449,treino,,,,,,,,
3,2019-12-04 10:57:51.009715080+00:00,3_2019-12-04 10:30:00+00:00,-114.0,2.0,-111.0,4.8,-117.0,-2.5,12.0,42.47522,-9.01449,treino,,,,,,,,
3,2019-12-04 10:57:59.707292080+00:00,3_2019-12-04 10:30:00+00:00,-100.0,7.8,-120.0,-5.8,-118.0,-3.5,11.0,42.47523,-9.01444,treino,,,,,,,,
3,2019-12-04 10:58:08.253590107+00:00,3_2019-12-04 10:30:00+00:00,-95.0,11.8,-115.0,2.5,-115.0,2.0,10.0,42.47501,-9.01382,treino,,,,,,,,
3,2019-12-04 10:58:15.534554005+00:00,3_2019-12-04 10:30:00+00:00,-110.0,4.0,,,-117.0,-3.0,9.0,42.47501,-9.01381,treino,,,,,,,,
3,2019-12-04 10:58:23.550932884+00:00,3_2019-12-04 10:30:00+00:00,-107.0,10.2,-120.0,-8.8,-118.0,-2.0,8.0,42.47502,-9.01389,treino,,,,,,,,
3,2019-12-04 10:58:31.530132055+00:00,3_2019-12-04 10:30:00+00:00,-107.0,9.2,,,,,7.0,42.47588,-9.01397,treino,,,,,,,,
3,2019-12-04 10:59:10.355382919+00:00,3_2019-12-04 10:30:00+00:00,-107.0,5.0,-118.0,-2.2,-118.0,-5.8,11.0,42.4758,-9.01391,treino,,,,,,,,
3,2019-12-04 10:59:11.333408117+00:00,3_2019-12-04 10:30:00+00:00,-109.0,3.8,-118.0,-3.8,-117.0,-4.0,12.0,42.47587,-9.01395,treino,,,,,,,,
3,2019-12-04 10:59:18.498217106+00:00,3_2019-12-04 10:30:00+00:00,-100.0,10.2,-119.0,-10.0,-117.0,-5.0,10.0,42.47554,-9.01355,treino,,,,,,,,
3,2019-12-04 10:59:35.891047001+00:00,3_2019-12-04 10:30:00+00:00,-111.0,7.2,-119.0,-4.0,-120.0,-9.8,9.0,42.47553,-9.01355,treino,,,,,,,,
3,2019-12-04 10:59:43.385540009+00:00,3_2019-12-04 10:30:00+00:00,-107.0,9.5,-119.0,-3.0,-117.0,-0.5,8.0,42.47552,-9.01355,treino,,,,,,,,
3,2019-12-04 10:59:50.507451057+00:00,3_2019-12-04 10:30:00+00:00,-103.0,10.8,-117.0,-1.2,-115.0,0.0,7.0,42.47545,-9.01357,treino,,,,,,,,
3,2019-12-04 11:00:30.321270943+00:00,3_2019-12-04 11:00:00+00:00,-115.0,-2.0,-117.0,-2.2,-119.0,-5.5,12.0,42.47544,-9.01358,treino,,,,,,,,
3,2019-12-04 11:00:39.125799894+00:00,3_2019-12-04 11:00:00+00:00,-109.0,5.5,,,-118.0,-2.8,11.0,42.47524,-9.01359,treino,,,,,,,,
3,2019-12-04 11:00:47.222515106+00:00,3_2019-12-04 11:00:00+00:00,,,-117.0,-1.5,-115.0,-0.8,10.0,42.47522,-9.01358,treino,,,,,,,,
3,2019-12-04 11:00:52.191488981+00:00,3_2019-12-04 11:00:00+00:00,-107.0,8.2,-118.0,-3.8,-115.0,1.0,8.0,42.47515,-9.01327,treino,,,,,,,,
3,2019-12-04 11:00:54.585557938+00:00,3_2019-12-04 11:00:00+00:00,-118.0,-2.2,-119.0,-8.0,-118.0,-3.5,9.0,42.47517,-9.01325,treino,,,,,,,,
3,2019-12-04 11:00:59.994759083+00:00,3_2019-12-04 11:00:00+00:00,-105.0,11.0,-119.0,-4.5,,,7.0,42.47511,-9.01349,treino,,,,,,,,
3,2019-12-04 11:01:49.590877056+00:00,3_2019-12-04 11:00:00+00:00,-104.0,-0.2,-112.0,-19.8,-117.0,-2.8,12.0,42.4751,-9.0135,treino,,,,,,,,
3,2019-12-04 11:01:58.491909027+00:00,3_2019-12-04 11:00:00+00:00,-112.0,2.2,-115.0,-9.0,,,11.0,42.47497,-9.0137,treino,,,,,,,,
3,2019-12-04 11:02:05.584121943+00:00,3_2019-12-04 11:00:00+00:00,-114.0,3.2,-117.0,-2.8,-117.0,-2.0,10.0,42.47495,-9.01371,treino,,,,,,,,
3,2019-12-04 11:02:13.548980951+00:00,3_2019-12-04 11:00:00+00:00,-115.0,2.2,-117.0,-0.2,-109.0,7.5,9.0,42.47457,-9.01354,treino,,,,,,,,
3,2019-12-04 11:02:21.155575037+00:00,3_2019-12-04 11:00:00+00:00,-110.0,7.0,-114.0,2.5,-111.0,5.2,8.0,42.47455,-9.01353,treino,,,,,,,,
3,2019-12-04 11:02:28.718933105+00:00,3_2019-12-04 11:00:00+00:00,-111.0,5.0,-117.0,0.2,-108.0,8.5,7.0,42.47455,-9.01351,treino,,,,,,,,
3,2019-12-04 11:03:08.359401941+00:00,3_2019-12-04 11:00:00+00:00,-113.0,1.5,-118.0,-5.0,-113.0,1.0,12.0,42.47444,-9.01342,treino,,,,,,,,
3,2019-12-04 11:03:15.955907106+00:00,3_2019-12-04 11:00:00+00:00,-120.0,-5.8,-108.0,5.5,-118.0,-4.0,11.0,42.47444,-9.01341,treino,,,,,,,,
3,2019-12-04 11:03:24.783788919+00:00,3_2019-12-04 11:00:00+00:00,,,-110.0,7.2,-108.0,8.0,10.0,42.47427,-9.013,treino,,,,,,,,
3,2019-12-04 11:03:31.043448925+00:00,3_2019-12-04 11:00:00+00:00,-117.0,-5.2,-115.0,0.0,-111.0,5.5,9.0,42.47427,-9.013,treino,,,,,,,,
3,2019-12-04 11:03:38.522758960+00:00,3_2019-12-04 11:00:00+00:00,-118.0,-2.2,-115.0,2.8,-109.0,8.5,8.0,42.47427,-9.01301,treino,,,,,,,,
3,2019-12-04 11:03:45.959103107+00:00,3_2019-12-04 11:00:00+00:00,-118.0,-4.5,-113.0,5.0,-111.0,5.5,7.0,42.4742,-9.01295,treino,,,,,,,,
3,2019-12-04 11:04:15.575818062+00:00,3_2019-12-04 11:00:00+00:00,-119.0,-5.5,-115.0,2.0,-118.0,-9.8,12.0,42.4742,-9.01295,treino,,,,,,,,
3,2019-12-04 11:04:34.311537027+00:00,3_2019-12-04 11:00:00+00:00,-120.0,-8.2,-117.0,-0.8,-113.0,2.8,11.0,42.47422,-9.01292,treino,,,,,,,,
3,2019-12-04 11:04:42.408934116+00:00,3_2019-12-04 11:00:00+00:00,-120.0,-8.0,-114.0,4.5,-111.0,5.2,10.0,42.47422,-9.01292,treino,,,,,,,,
3,2019-12-04 11:04:49.939713001+00:00,3_2019-12-04 11:00:00+00:00,-120.0,-9.0,-115.0,3.0,-111.0,5.8,9.0,42.47432,-9.01294,treino,,,,,,,,
3,2019-12-04 11:04:57.435257912+00:00,3_2019-12-04 11:00:00+00:00,-119.0,-5.8,-114.0,3.2,-111.0,7.2,8.0,42.47432,-9.01294,treino,,,,,,,,
3,2019-12-04 11:05:05.114032030+00:00,3_2019-12-04 11:00:00+00:00,-118.0,-8.2,-115.0,2.5,-110.0,7.0,7.0,42.47433,-9.01292,treino,,,,,,,,
3,2019-12-04 11:05:23.558191061+00:00,3_2019-12-04 11:00:00+00:00,-117.0,-7.5,-114.0,1.0,-107.0,5.0,12.0,42.47434,-9.0129,treino,,,,,,,,
3,2019-12-04 11:05:32.255135059+00:00,3_2019-12-04 11:00:00+00:00,-118.0,-11.8,-114.0,0.8,-105.0,5.0,11.0,42.47434,-9.0129,treino,,,,,,,,
3,2019-12-04 11:05:40.050719976+00:00,3_2019-12-04 11:00:00+00:00,-119.0,-5.0,-118.0,-0.8,-107.0,9.0,10.0,42.47434,-9.0129,treino,,,,,,,,
3,2019-12-04 11:05:44.818015099+00:00,3_2019-12-04 11:00:00+00:00,-119.0,-5.0,-115.0,1.8,-111.0,2.8,12.0,42.47433,-9.01292,treino,,,,,,,,
3,2019-12-04 11:05:47.432971001+00:00,3_2019-12-04 11:00:00+00:00,-119.0,-4.8,-117.0,-0.2,-107.0,9.2,9.0,42.47434,-9.0129,treino,,,,,,,,
3,2019-12-04 11:05:51.719914913+00:00,3_2019-12-04 11:00:00+00:00,-119.0,-10.0,-115.0,1.2,-111.0,4.5,10.0,42.47433,-9.01291,treino,,,,,,,,
3,2019-12-04 11:05:52.585382938+00:00,3_2019-12-04 11:00:00+00:00,-118.0,-3.5,-117.0,1.2,-107.0,9.2,7.0,42.47434,-9.0129,treino,,,,,,,,
3,2019-12-04 11:05:53.555427074+00:00,3_2019-12-04 11:00:00+00:00,-119.0,-8.0,-115.0,1.8,-111.0,4.0,11.0,42.47433,-9.01291,treino,,,,,,,,
3,2019-12-04 11:05:55.015211105+00:00,3_2019-12-04 11:00:00+00:00,-119.0,-3.8,-117.0,0.0,-107.0,9.5,8.0,42.47434,-9.0129,treino,,,,,,,,
3,2019-12-04 11:05:59.353256941+00:00,3_2019-12-04 11:00:00+00:00,-119.0,-8.8,-115.0,1.0,-111.0,4.2,9.0,42.47434,-9.01291,treino,,,,,,,,
3,2019-12-04 11:06:15.829874992+00:00,3_2019-12-04 11:00:00+00:00,-120.0,-5.8,-115.0,2.5,-111.0,5.2,8.0,42.47434,-9.01291,treino,,,,,,,,
3,2019-12-04 11:06:23.829029083+00:00,3_2019-12-04 11:00:00+00:00,-120.0,-7.0,-115.0,3.8,-112.0,5.8,7.0,42.47434,-9.0129,treino,,,,,,,,
3,2019-12-04 11:08:22.299478054+00:00,3_2019-12-04 11:00:00+00:00,-118.0,-11.5,-117.0,-4.8,-119.0,-12.5,12.0,42.47434,-9.0129,treino,,,,,,,,
3,2019-12-04 11:08:30.702589035+00:00,3_2019-12-04 11:00:00+00:00,-120.0,-8.8,-119.0,-4.5,-120.0,-13.0,11.0,42.47434,-9.0129,treino,,,,,,,,
3,2019-12-04 11:08:38.723319054+00:00,3_2019-12-04 11:00:00+00:00,-119.0,-5.8,-119.0,-4.0,-120.0,-5.8,10.0,42.47434,-9.0129,treino,,,,,,,,
3,2019-12-04 11:08:45.017991066+00:00,3_2019-12-04 11:00:00+00:00,,,-118.0,-4.8,-118.0,-5.5,9.0,42.47433,-9.01291,treino,,,,,,,,
3,2019-12-04 11:08:53.525582075+00:00,3_2019-12-04 11:00:00+00:00,-119.0,-5.2,-119.0,-5.5,-119.0,-5.5,8.0,42.47433,-9.01291,treino,,,,,,,,
3,2019-12-04 11:09:01.147933006+00:00,3_2019-12-04 11:00:00+00:00,-119.0,-5.2,-120.0,-5.5,,,7.0,42.47433,-9.01291,treino,,,,,,,,
3,2019-12-04 11:09:40.839943886+00:00,3_2019-12-04 11:00:00+00:00,-119.0,-7.0,-119.0,-5.5,-118.0,-7.5,12.0,42.47433,-9.01292,treino,,,,,,,,
3,2019-12-04 11:09:49.802516937+00:00,3_2019-12-04 11:00:00+00:00,-120.0,-9.5,-119.0,-4.0,-118.0,-5.5,11.0,42.47432,-9.01291,treino,,,,,,,,
3,2019-12-04 11:09:57.885752916+00:00,3_2019-12-04 11:00:00+00:00,,,-119.0,-8.8,-119.0,-13.2,10.0,42.47432,-9.01291,treino,,,,,,,,
3,2019-12-04 11:10:05.288307905+00:00,3_2019-12-04 11:00:00+00:00,,,-119.0,-4.5,-118.0,-3.5,9.0,42.47432,-9.01291,treino,,,,,,,,
3,2019-12-04 11:10:29.413724899+00:00,3_2019-12-04 11:00:00+00:00,-118.0,-15.0,-118.0,-9.2,-119.0,-10.8,11.0,42.47431,-9.01325,treino,,,,,,,,
3,2019-12-04 11:10:37.500777959+00:00,3_2019-12-04 11:00:00+00:00,-115.0,-2.5,-118.0,-5.0,,,10.0,42.47439,-9.01303,treino,,,,,,,,
3,2019-12-04 11:10:44.805459023+00:00,3_2019-12-04 11:00:00+00:00,,,-121.0,-12.0,-119.0,-5.8,9.0,42.47435,-9.01294,treino,,,,,,,,
3,2019-12-04 11:10:52.335927963+00:00,3_2019-12-04 11:00:00+00:00,,,-120.0,-10.8,,,8.0,42.47435,-9.01294,treino,,,,,,,,
3,2019-12-04 11:10:59.941411018+00:00,3_2019-12-04 11:00:00+00:00,,,-119.0,-4.5,-119.0,-9.2,7.0,42.47435,-9.01294,treino,,,,,,,,
3,2019-12-04 11:11:39.552154064+00:00,3_2019-12-04 11:00:00+00:00,-119.0,-9.8,,,-119.0,-8.8,12.0,42.47435,-9.01294,treino,,,,,,,,
3,2019-12-04 11:11:48.310054064+00:00,3_2019-12-04 11:00:00+00:00,-120.0,-5.5,,,-119.0,-9.5,11.0,42.47435,-9.01294,treino,,,,,,,,
3,2019-12-04 11:15:47.898010015+00:00,3_2019-12-04 11:00:00+00:00,-119.0,-8.8,-119.0,-5.8,-118.0,-10.0,12.0,42.47434,-9.01293,treino,,,,,,,,
3,2019-12-04 11:15:54.553143978+00:00,3_2019-12-04 11:00:00+00:00,-120.0,-10.5,-119.0,-3.0,-119.0,-5.5,10.0,42.47434,-9.01294,treino,,,,,,,,
3,2019-12-04 11:15:55.545774937+00:00,3_2019-12-04 11:00:00+00:00,-118.0,-7.0,-118.0,-4.8,-118.0,-8.0,11.0,42.47434,-9.01294,treino,,,,,,,,
3,2019-12-04 11:16:11.997503042+00:00,3_2019-12-04 11:00:00+00:00,-120.0,-9.8,-120.0,-5.2,-118.0,-2.2,9.0,42.47434,-9.01294,treino,,,,,,,,
3,2019-12-04 11:16:19.973107100+00:00,3_2019-12-04 11:00:00+00:00,-118.0,-5.8,-119.0,-8.2,-117.0,-0.5,8.0,42.47434,-9.01294,treino,,,,,,,,
3,2019-12-04 11:16:27.582241058+00:00,3_2019-12-04 11:00:00+00:00,,,-119.0,-2.5,-118.0,-3.2,7.0,42.47434,-9.01292,treino,,,,,,,,
3,2019-12-04 11:17:07.279972076+00:00,3_2019-12-04 11:00:00+00:00,-119.0,-17.0,-120.0,-5.5,-119.0,-5.5,12.0,42.47434,-9.01292,treino,,,,,,,,
3,2019-12-04 11:17:15.900454998+00:00,3_2019-12-04 11:00:00+00:00,-120.0,-13.8,-119.0,-3.2,-118.0,-4.5,11.0,42.47434,-9.01292,treino,,,,,,,,
3,2019-12-04 11:17:23.988590002+00:00,3_2019-12-04 11:00:00+00:00,-119.0,-7.8,,,-117.0,-5.2,10.0,42.47434,-9.01292,treino,,,,,,,,
3,2019-12-04 11:17:31.419934988+00:00,3_2019-12-04 11:00:00+00:00,-118.0,-9.0,-117.0,-2.2,-119.0,-10.0,9.0,42.47437,-9.01293,treino,,,,,,,,
3,2019-12-04 11:17:35.479573011+00:00,3_2019-12-04 11:00:00+00:00,,,-119.0,-3.2,-118.0,-3.5,7.0,42.47437,-9.01293,treino,,,,,,,,
3,2019-12-04 11:17:38.959438086+00:00,3_2019-12-04 11:00:00+00:00,-120.0,-10.0,-120.0,-5.0,-119.0,-4.0,8.0,42.47437,-9.01293,treino,,,,,,,,
3,2019-12-04 11:18:25.184712887+00:00,3_2019-12-04 11:00:00+00:00,-118.0,-17.2,-117.0,-4.5,-119.0,-9.5,12.0,42.47437,-9.01293,treino,,,,,,,,
3,2019-12-04 11:18:35.210930109+00:00,3_2019-12-04 11:00:00+00:00,,,-119.0,-5.0,-120.0,-19.2,11.0,42.47435,-9.0129,treino,,,,,,,,
3,2019-12-04 11:18:50.558058977+00:00,3_2019-12-04 11:00:00+00:00,-117.0,-2.0,-118.0,-2.5,-115.0,-2.2,9.0,42.47435,-9.0129,treino,,,,,,,,
3,2019-12-04 11:18:57.958576918+00:00,3_2019-12-04 11:00:00+00:00,-119.0,-5.0,-120.0,-7.2,-117.0,-0.2,8.0,42.47435,-9.01292,treino,,,,,,,,
3,2019-12-04 11:19:05.555053949+00:00,3_2019-12-04 11:00:00+00:00,-118.0,-5.8,-115.0,-0.5,-114.0,1.5,7.0,42.47434,-9.01293,treino,,,,,,,,
3,2019-12-04 11:19:45.197304964+00:00,3_2019-12-04 11:00:00+00:00,-118.0,-3.5,-118.0,-2.0,-117.0,-1.2,12.0,42.47434,-9.01293,treino,,,,,,,,
3,2019-12-04 11:19:53.873553038+00:00,3_2019-12-04 11:00:00+00:00,-118.0,-5.5,-121.0,-13.0,,,11.0,42.47434,-9.01293,treino,,,,,,,,
3,2019-12-04 11:20:01.927592993+00:00,3_2019-12-04 11:00:00+00:00,-114.0,-7.2,-115.0,-3.0,-111.0,1.5,10.0,42.47433,-9.01293,treino,,,,,,,,
3,2019-12-04 11:20:09.051593065+00:00,3_2019-12-04 11:00:00+00:00,-118.0,-1.5,-115.0,1.0,-118.0,-4.8,9.0,42.47433,-9.01292,treino,,,,,,,,
3,2019-12-04 11:20:15.503118038+00:00,3_2019-12-04 11:00:00+00:00,-118.0,-1.0,-120.0,-5.0,-118.0,-2.8,8.0,42.47433,-9.0129,treino,,,,,,,,
3,2019-12-04 11:20:24.157057047+00:00,3_2019-12-04 11:00:00+00:00,-118.0,-2.5,-119.0,-4.0,-119.0,-7.2,7.0,42.47433,-9.0129,treino,,,,,,,,
3,2019-12-04 11:20:53.885109901+00:00,3_2019-12-04 11:00:00+00:00,-120.0,-12.2,-118.0,-2.2,-115.0,-0.5,12.0,42.47433,-9.0129,treino,,,,,,,,
3,2019-12-04 11:21:12.747595072+00:00,3_2019-12-04 11:00:00+00:00,-117.0,-1.2,-118.0,-1.2,-114.0,2.2,11.0,42.47433,-9.0129,treino,,,,,,,,
3,2019-12-04 11:21:20.997334957+00:00,3_2019-12-04 11:00:00+00:00,-118.0,-2.0,-118.0,-4.8,-113.0,4.8,10.0,42.47431,-9.01291,treino,,,,,,,,
3,2019-12-04 11:21:28.359849930+00:00,3_2019-12-04 11:00:00+00:00,-117.0,-1.5,-115.0,-5.0,-113.0,3.5,9.0,42.47431,-9.01291,treino,,,,,,,,
3,2019-12-04 11:21:35.872980118+00:00,3_2019-12-04 11:00:00+00:00,,,,,-117.0,-0.2,8.0,42.47431,-9.01291,treino,,,,,,,,
3,2019-12-04 11:21:43.582087040+00:00,3_2019-12-04 11:00:00+00:00,-115.0,1.5,-120.0,-4.8,-115.0,1.8,7.0,42.47431,-9.01291,treino,,,,,,,,
3,2019-12-04 11:22:01.538326979+00:00,3_2019-12-04 11:00:00+00:00,-114.0,-2.0,-115.0,0.0,-113.0,1.2,12.0,42.47432,-9.01293,treino,,,,,,,,
3,2019-12-04 11:22:10.279925108+00:00,3_2019-12-04 11:00:00+00:00,-119.0,-3.5,-118.0,-3.5,-117.0,-1.2,11.0,42.47432,-9.01293,treino,,,,,,,,
3,2019-12-04 11:22:18.234474897+00:00,3_2019-12-04 11:00:00+00:00,-118.0,-3.0,-115.0,3.2,-117.0,-0.5,10.0,42.47435,-9.01275,treino,,,,,,,,
3,2019-12-04 11:22:23.492822886+00:00,3_2019-12-04 11:00:00+00:00,-119.0,-10.0,-115.0,0.0,-115.0,-0.8,12.0,42.4743,-9.01293,treino,,,,,,,,
3,2019-12-04 11:22:25.522458076+00:00,3_2019-12-04 11:00:00+00:00,,,-115.0,-0.2,-119.0,-9.5,9.0,42.47434,-9.01274,treino,,,,,,,,
3,2019-12-04 11:22:30.244357109+00:00,3_2019-12-04 11:00:00+00:00,-107.0,7.2,-105.0,8.0,,,10.0,42.4743,-9.01293,treino,,,,,,,,
3,2019-12-04 11:22:30.449594021+00:00,3_2019-12-04 11:00:00+00:00,,,-120.0,-4.0,-115.0,-1.0,7.0,42.47404,-9.01232,treino,,,,,,,,
3,2019-12-04 11:22:32.131284952+00:00,3_2019-12-04 11:00:00+00:00,-105.0,5.5,-100.0,8.2,-115.0,-0.2,11.0,42.4743,-9.01293,treino,,,,,,,,
3,2019-12-04 11:22:32.859198093+00:00,3_2019-12-04 11:00:00+00:00,-113.0,3.0,-112.0,4.0,,,8.0,42.47405,-9.01232,treino,,,,,,,,
3,2019-12-04 11:22:37.094553947+00:00,3_2019-12-04 11:00:00+00:00,-110.0,5.0,-98.0,10.8,-103.0,9.2,9.0,42.47431,-9.01294,treino,,,,,,,,
3,2019-12-04 11:22:54.535024881+00:00,3_2019-12-04 11:00:00+00:00,-115.0,2.2,-107.0,10.2,-109.0,8.5,8.0,42.47431,-9.01294,treino,,,,,,,,
3,2019-12-04 11:23:01.951559067+00:00,3_2019-12-04 11:00:00+00:00,-110.0,5.0,-111.0,7.0,-119.0,-5.5,7.0,42.47432,-9.01293,treino,,,,,,,,
3,2019-12-04 11:25:00.132755040+00:00,3_2019-12-04 11:00:00+00:00,,,-117.0,-1.8,-119.0,-9.0,12.0,42.47403,-9.01231,treino,,,,,,,,
3,2019-12-04 11:25:08.548841+00:00,3_2019-12-04 11:00:00+00:00,,,-112.0,3.2,,,11.0,42.47393,-9.01228,treino,,,,,,,,
3,2019-12-04 11:25:15.515940905+00:00,3_2019-12-04 11:00:00+00:00,,,-107.0,7.5,-118.0,-5.5,10.0,42.47392,-9.01227,treino,,,,,,,,
3,2019-12-04 11:25:23.955718994+00:00,3_2019-12-04 11:00:00+00:00,,,-107.0,9.5,-119.0,-5.5,9.0,42.47352,-9.01182,treino,,,,,,,,
3,2019-12-04 11:25:31.485591888+00:00,3_2019-12-04 11:00:00+00:00,,,-110.0,8.5,-118.0,-3.0,8.0,42.47351,-9.01181,treino,,,,,,,,
3,2019-12-04 11:25:39.399454117+00:00,3_2019-12-04 11:00:00+00:00,,,-105.0,10.0,-118.0,-4.2,7.0,42.4734,-9.01159,treino,,,,,,,,
3,2019-12-04 11:26:19.100001097+00:00,3_2019-12-04 11:00:00+00:00,-119.0,-12.5,-107.0,4.8,-114.0,0.2,12.0,42.47339,-9.01158,treino,,,,,,,,
3,2019-12-04 11:26:27.797302008+00:00,3_2019-12-04 11:00:00+00:00,-120.0,-13.2,-109.0,5.5,-115.0,0.2,11.0,42.47329,-9.01159,treino,,,,,,,,
3,2019-12-04 11:26:35.852435112+00:00,3_2019-12-04 11:00:00+00:00,,,-108.0,8.2,-119.0,-5.0,10.0,42.47329,-9.01159,treino,,,,,,,,
3,2019-12-04 11:26:43.459290981+00:00,3_2019-12-04 11:00:00+00:00,-120.0,-11.2,-109.0,7.8,-117.0,-0.8,9.0,42.47305,-9.01157,treino,,,,,,,,
3,2019-12-04 11:26:58.035831928+00:00,3_2019-12-04 11:00:00+00:00,-117.0,-0.5,-107.0,9.8,-115.0,1.5,7.0,42.47294,-9.01151,treino,,,,,,,,
3,2019-12-04 11:27:35.397330999+00:00,3_2019-12-04 11:00:00+00:00,-102.0,7.2,-110.0,4.0,-115.0,-1.8,11.0,42.47292,-9.0115,treino,,,,,,,,
3,2019-12-04 11:27:37.718492985+00:00,3_2019-12-04 11:00:00+00:00,-108.0,4.2,-109.0,4.0,-117.0,-3.8,12.0,42.47293,-9.0115,treino,,,,,,,,
3,2019-12-04 11:27:54.003241062+00:00,3_2019-12-04 11:00:00+00:00,-95.0,11.0,-107.0,8.2,-115.0,0.2,10.0,42.47288,-9.01148,treino,,,,,,,,
3,2019-12-04 11:28:01.393070936+00:00,3_2019-12-04 11:00:00+00:00,-101.0,12.8,-109.0,8.0,-120.0,-9.0,9.0,42.47287,-9.01148,treino,,,,,,,,
3,2019-12-04 11:28:09.153377056+00:00,3_2019-12-04 11:00:00+00:00,-105.0,11.5,-110.0,8.0,-115.0,0.2,8.0,42.47245,-9.01154,treino,,,,,,,,
3,2019-12-04 11:28:15.745803118+00:00,3_2019-12-04 11:00:00+00:00,-91.0,13.5,-112.0,5.0,-115.0,0.0,7.0,42.47244,-9.01155,treino,,,,,,,,
3,2019-12-04 11:28:55.382134914+00:00,3_2019-12-04 11:00:00+00:00,-102.0,4.8,-118.0,-5.2,,,12.0,42.47241,-9.0115,treino,,,,,,,,
3,2019-12-04 11:29:05.051003933+00:00,3_2019-12-04 11:00:00+00:00,-103.0,5.0,-119.0,-4.5,,,11.0,42.47241,-9.0115,treino,,,,,,,,
3,2019-12-04 11:29:10.847594976+00:00,3_2019-12-04 11:00:00+00:00,-102.0,9.5,-119.0,-5.0,,,9.0,42.47218,-9.01179,treino,,,,,,,,
3,2019-12-04 11:29:13.425483942+00:00,3_2019-12-04 11:00:00+00:00,-103.0,9.0,-120.0,-7.5,,,10.0,42.47218,-9.01179,treino,,,,,,,,
3,2019-12-04 11:29:18.208322048+00:00,3_2019-12-04 11:00:00+00:00,-102.0,11.5,-119.0,-5.0,,,8.0,42.47218,-9.0118,treino,,,,,,,,
3,2019-12-04 11:29:35.821784973+00:00,3_2019-12-04 11:00:00+00:00,-102.0,11.8,-120.0,-4.8,,,7.0,42.47218,-9.0118,treino,,,,,,,,
3,2019-12-04 11:30:15.840544939+00:00,3_2019-12-04 11:30:00+00:00,-95.0,9.0,-109.0,4.2,,,12.0,42.47218,-9.0118,teste,42.47158241271472,-9.01099,42.47086208641081,-9.013185440258175,42.46631722476053,-9.003116420608215,42.46344169027996,-9.006093530007076
3,2019-12-04 11:30:24.533932924+00:00,3_2019-12-04 11:30:00+00:00,-90.0,8.0,-115.0,0.5,-119.0,-7.2,11.0,42.47218,-9.01181,teste,42.47158241271472,-9.01099,42.46986306070757,-9.013472827712315,42.47199488006265,-9.005999610317053,42.47327804586429,-9.009303097458545
3,2019-12-04 11:30:32.411701918+00:00,3_2019-12-04 11:30:00+00:00,-89.0,12.5,,,,,10.0,42.47217,-9.01177,teste,42.47158241271472,-9.01099,42.46972,-9.01345,42.45885712717935,-9.011647100451427,42.45888269051888,-9.010154525059557
3,2019-12-04 11:30:39.833303928+00:00,3_2019-12-04 11:30:00+00:00,-90.0,11.5,-120.0,-7.8,-120.0,-9.8,9.0,42.47217,-9.01175,teste,42.47158241271472,-9.01099,42.46978890219562,-9.013478602794413,42.46745656694397,-9.013503147536063,42.47076800749688,-9.009920630801696
3,2019-12-04 11:30:47.854091883+00:00,3_2019-12-04 11:30:00+00:00,-89.0,15.0,,,-119.0,-5.5,8.0,42.47205,-9.01157,teste,42.47158241271472,-9.01099,42.46975917082918,-9.013485534465536,42.4584440200257,-9.011652397156137,42.462109629679546,-9.012633397803194
3,2019-12-04 11:30:55.392199039+00:00,3_2019-12-04 11:30:00+00:00,-90.0,13.5,,,-118.0,-3.5,7.0,42.47205,-9.01157,teste,42.47158241271472,-9.01099,42.46978204532686,-9.013506285444437,42.458280146919755,-9.012263686824658,42.46213103091561,-9.013167981411165
3,2019-12-04 11:31:34.848877907+00:00,3_2019-12-04 11:30:00+00:00,-104.0,5.8,,,,,12.0,42.47195,-9.0117,teste,42.47158241271472,-9.01099,42.46972,-9.01345,42.46132432874068,-9.007359902764234,42.459701132652114,-9.008642775912811
3,2019-12-04 11:31:43.487405062+00:00,3_2019-12-04 11:30:00+00:00,-108.0,4.8,-119.0,-7.5,,,11.0,42.47194,-9.01171,teste,42.47158241271472,-9.01099,42.47191511679898,-9.012941509987227,42.46429943822719,-9.007657440760788,42.46859946066644,-9.00840717293463
3,2019-12-04 11:31:51.743158102+00:00,3_2019-12-04 11:30:00+00:00,-102.0,12.2,-119.0,-8.2,,,10.0,42.4719,-9.01175,teste,42.47158241271472,-9.01099,42.47030354352452,-9.013314824480242,42.4669979909611,-9.008268815562891,42.467760056902286,-9.00853138988843
3,2019-12-04 11:31:59.097511053+00:00,3_2019-12-04 11:30:00+00:00,-114.0,-5.0,,,,,9.0,42.47189,-9.01175,teste,42.47158241271472,-9.01099,42.46972,-9.01345,42.45915103350584,-9.009245286488774,42.461275997121085,-9.008153541748728
3,2019-12-04 11:32:05.855041981+00:00,3_2019-12-04 11:30:00+00:00,-105.0,9.2,,,,,8.0,42.47135,-9.01191,teste,42.47158241271472,-9.01099,42.46972,-9.01345,42.45851543401458,-9.007619661709851,42.4597007291057,-9.009686633893397
3,2019-12-04 11:32:14.442301035+00:00,3_2019-12-04 11:30:00+00:00,-99.0,12.8,,,,,7.0,42.47135,-9.01191,teste,42.47158241271472,-9.01099,42.46972,-9.01345,42.45973401131979,-9.012209805946304,42.460084187373305,-9.010728880015664
3,2019-12-04 11:32:54.343957901+00:00,3_2019-12-04 11:30:00+00:00,-95.0,8.2,,,-120.0,-15.8,12.0,42.4713,-9.01191,teste,42.47158241271472,-9.01099,42.46984360204308,-9.01356212763765,42.46353145620469,-9.012377957835472,42.46049553163746,-9.012851908475676
3,2019-12-04 11:33:02.939424038+00:00,3_2019-12-04 11:30:00+00:00,-95.0,7.5,-119.0,-14.0,-119.0,-15.2,11.0,42.4713,-9.01191,teste,42.47158241271472,-9.01099,42.469992682056905,-9.013563196230457,42.46669717813153,-9.01004520068556,42.46817583732373,-9.007288999462375
3,2019-12-04 11:33:10.581510067+00:00,3_2019-12-04 11:30:00+00:00,-92.0,12.5,-120.0,-14.5,,,10.0,42.47115,-9.01187,teste,42.47158241271472,-9.01099,42.46976720255293,-9.01343906571771,42.46031294579009,-9.012052581556881,42.45981447317413,-9.008502047929923
3,2019-12-04 11:33:17.928848982+00:00,3_2019-12-04 11:30:00+00:00,-100.0,9.8,-119.0,-8.2,,,9.0,42.47114,-9.01187,teste,42.47158241271472,-9.01099,42.47009086849264,-9.013364089799394,42.46670779885487,-9.007899926198677,42.4676348773885,-9.008459326078725
3,2019-12-04 11:33:25.437551022+00:00,3_2019-12-04 11:30:00+00:00,-95.0,14.5,-120.0,-5.2,,,8.0,42.47113,-9.01188,teste,42.47158241271472,-9.01099,42.46981403338294,-9.013428217543545,42.46464120182917,-9.007357286905858,42.46401138754465,-9.007561816824492
3,2019-12-04 11:33:32.709013939+00:00,3_2019-12-04 11:30:00+00:00,-91.0,13.2,,,,,7.0,42.47109,-9.01192,teste,42.47158241271472,-9.01099,42.46972,-9.01345,42.45859295291258,-9.009522406714517,42.46000525561732,-9.010675157114655
3,2019-12-04 11:34:11.053177118+00:00,3_2019-12-04 11:30:00+00:00,-92.0,8.2,-119.0,-3.8,,,11.0,42.47099,-9.01193,teste,42.47158241271472,-9.01099,42.46977940015597,-9.013436240191831,42.462121996975014,-9.00761087641749,42.460926804937884,-9.005789405235523
3,2019-12-04 11:34:12.429894924+00:00,3_2019-12-04 11:30:00+00:00,-80.0,8.0,-115.0,-0.2,,,12.0,42.47107,-9.01192,teste,42.47158241271472,-9.01099,42.4697294300922,-9.013447815556917,42.45671133926156,-9.009531968571215,42.458071519603806,-9.011553836193496
3,2019-12-04 11:34:19.152251959+00:00,3_2019-12-04 11:30:00+00:00,-91.0,12.0,-120.0,-9.0,,,10.0,42.47099,-9.01193,teste,42.47158241271472,-9.01099,42.46975750652712,-9.013441311763248,42.4611298742887,-9.011047206666136,42.460499218286486,-9.006265603576466
3,2019-12-04 11:34:35.551538944+00:00,3_2019-12-04 11:30:00+00:00,-93.0,14.2,-120.0,-8.2,,,9.0,42.47098,-9.01194,teste,42.47158241271472,-9.01099,42.46977940015597,-9.013436240191831,42.466606160247004,-9.010337875034258,42.46244330779733,-9.006678656734936
3,2019-12-04 11:34:43.937854052+00:00,3_2019-12-04 11:30:00+00:00,-89.0,13.8,-118.0,-1.8,,,8.0,42.47057,-9.01234,teste,42.47158241271472,-9.01099,42.46975750652712,-9.013441311763248,42.461434950369316,-9.00565225320518,42.46185067875806,-9.005772633218921
3,2019-12-04 11:34:51.810781002+00:00,3_2019-12-04 11:30:00+00:00,-84.0,13.8,,,,,7.0,42.47044,-9.0123,teste,42.47158241271472,-9.01099,42.46972,-9.01345,42.45873529029089,-9.009719552153122,42.46001604972911,-9.010551980916285
3,2019-12-04 11:35:31.525743007+00:00,3_2019-12-04 11:30:00+00:00,-105.0,5.2,,,,,12.0,42.47043,-9.01231,teste,42.47158241271472,-9.01099,42.46972,-9.01345,42.460937797202476,-9.007175023975416,42.46023181199536,-9.006626563013162
3,2019-12-04 11:35:40.193941116+00:00,3_2019-12-04 11:30:00+00:00,-87.0,8.5,,,,,11.0,42.47042,-9.01231,teste,42.47158241271472,-9.01099,42.46972,-9.01345,42.45916469810162,-9.011075147085716,42.459069065374,-9.011399703053197
3,2019-12-04 11:35:48.180237055+00:00,3_2019-12-04 11:30:00+00:00,-84.0,10.5,,,,,10.0,42.47037,-9.0123,teste,42.47158241271472,-9.01099,42.46972,-9.01345,42.45854755773734,-9.011229858526391,42.459158482139365,-9.010046872038117
3,2019-12-04 11:35:53.280725002+00:00,3_2019-12-04 11:30:00+00:00,-97.0,14.2,,,,,8.0,42.47018,-9.01235,teste,42.47158241271472,-9.01099,42.46972,-9.01345,42.458665140783324,-9.008419013034711,42.45876246547348,-9.008700238367537
3,2019-12-04 11:35:55.759422064+00:00,3_2019-12-04 11:30:00+00:00,-84.0,12.2,,,,,9.0,42.47018,-9.01235,teste,42.47158241271472,-9.01099,42.46972,-9.01345,42.45854650747289,-9.00798873895208,42.45886778385732,-9.010073373384106
3,2019-12-04 11:36:10.882824898+00:00,3_2019-12-04 11:30:00+00:00,-88.0,13.2,,,,,7.0,42.47018,-9.01235,teste,42.47158241271472,-9.01099,42.46972,-9.01345,42.4585840335751,-9.00958848908786,42.46000525561732,-9.010675157114655
3,2019-12-04 11:38:23.135451078+00:00,3_2019-12-04 11:30:00+00:00,-92.0,13.5,,,,,7.0,42.47058,-9.01229,teste,42.47158241271472,-9.01099,42.46972,-9.01345,42.45867229283262,-9.010090007623502,42.46001994616773,-9.01035573177384
3,2019-12-04 11:39:02.888326883+00:00,3_2019-12-04 11:30:00+00:00,-91.0,7.8,-115.0,0.0,,,12.0,42.47058,-9.01229,teste,42.47158241271472,-9.01099,42.469838284470015,-9.013422599876371,42.460952044290536,-9.007059694814181,42.46093370657812,-9.005309200430503
3,2019-12-04 11:39:11.557200909+00:00,3_2019-12-04 11:30:00+00:00,-81.0,10.8,-119.0,-5.2,,,11.0,42.47058,-9.01229,teste,42.47158241271472,-9.01099,42.46972472698722,-9.013448905012348,42.45655552133744,-9.009943001343833,42.457079167089084,-9.011581126923545
3,2019-12-04 11:39:15.875556946+00:00,3_2019-12-04 11:30:00+00:00,,,,,-120.0,-14.0,9.0,42.47057,-9.0123,teste,42.47158241271472,-9.01099,42.50893,-9.04902,42.461528999017055,-9.012478977489081,42.460601166701714,-9.012979531804667
3,2019-12-04 11:39:19.505934954+00:00,3_2019-12-04 11:30:00+00:00,-80.0,9.0,-118.0,-5.5,-119.0,-15.0,10.0,42.47058,-9.01229,teste,42.47158241271472,-9.01099,42.469729661235455,-9.01345338187475,42.45753841858352,-9.011906037515976,42.45787318663228,-9.011762875062091
3,2019-12-04 11:39:34.255007982+00:00,3_2019-12-04 11:30:00+00:00,-95.0,14.0,,,,,8.0,42.47057,-9.01231,teste,42.47158241271472,-9.01099,42.46972,-9.01345,42.4585995220226,-9.00900807256469,42.45874018070235,-9.008747369072468
3,2019-12-04 11:39:41.834500074+00:00,3_2019-12-04 11:30:00+00:00,-90.0,11.5,-118.0,-3.5,,,7.0,42.47057,-9.01232,teste,42.47158241271472,-9.01099,42.46976720255293,-9.01343906571771,42.466639331060364,-9.008423295306773,42.46094527375995,-9.00561970126893
3,2019-12-04 11:39:47.522847890+00:00,3_2019-12-04 11:30:00+00:00,-90.0,10.8,,,,,9.0,42.47053,-9.01224,teste,42.47158241271472,-9.01099,42.46972,-9.01345,42.45882335812862,-9.008551883304678,42.45893475640225,-9.009711249446845
3,2019-12-04 11:39:55.509558916+00:00,3_2019-12-04 11:30:00+00:00,-91.0,13.8,,,,,8.0,42.47058,-9.01229,teste,42.47158241271472,-9.01099,42.46972,-9.01345,42.45857311533022,-9.009812924190488,42.45871676811749,-9.009093639267668
3,2019-12-04 11:42:01.701390982+00:00,3_2019-12-04 11:30:00+00:00,-74.0,8.5,,,-119.0,-9.0,12.0,42.47058,-9.0124,teste,42.47158241271472,-9.01099,42.469721239889864,-9.013451124786593,42.45875900093694,-9.013263457816496,42.46062651155824,-9.012606577232951
3,2019-12-04 11:42:10.455549955+00:00,3_2019-12-04 11:30:00+00:00,-55.0,10.2,,,-119.0,-9.5,11.0,42.47041,-9.01284,teste,42.47158241271472,-9.01099,42.46972001560978,-9.013450014160666,42.45879533579816,-9.012593356998222,42.460488449968615,-9.012479085576896
3,2019-12-04 11:42:18.535193920+00:00,3_2019-12-04 11:30:00+00:00,-70.0,9.8,-120.0,-17.5,,,10.0,42.47041,-9.01285,teste,42.47158241271472,-9.01099,42.46972029829701,-9.013449930900691,42.45862882051297,-9.01296159361249,42.458852653104394,-9.012715972983354
3,2019-12-04 11:42:25.844032049+00:00,3_2019-12-04 11:30:00+00:00,-59.0,12.0,-120.0,-9.8,,,9.0,42.4704,-9.01285,teste,42.47158241271472,-9.01099,42.46972002369479,-9.013449994511197,42.458385063261964,-9.012639849688648,42.4588718729031,-9.0126475319899
3,2019-12-04 11:42:31.404520035+00:00,3_2019-12-04 11:30:00+00:00,-77.0,14.0,,,-118.0,-4.0,7.0,42.47009,-9.01315,teste,42.47158241271472,-9.01099,42.46972311431364,-9.013452825201117,42.458289722439574,-9.011682044914336,42.459682313129036,-9.012268563290123
3,2019-12-04 11:42:33.577142+00:00,3_2019-12-04 11:30:00+00:00,-71.0,15.5,,,,,8.0,42.47034,-9.01297,teste,42.47158241271472,-9.01099,42.46972,-9.01345,42.45863972699718,-9.009485831560786,42.45873982942774,-9.00939759757388
3,2019-12-04 11:43:21.111232996+00:00,3_2019-12-04 11:30:00+00:00,-55.0,10.2,,,,,12.0,42.47008,-9.01315,teste,42.47158241271472,-9.01099,42.46972,-9.01345,42.459034401232636,-9.010262001870277,42.45925432203698,-9.009825022457008
3,2019-12-04 11:43:29.740520+00:00,3_2019-12-04 11:30:00+00:00,-85.0,7.8,-115.0,0.0,,,11.0,42.47001,-9.01319,teste,42.47158241271472,-9.01099,42.46974980019981,-9.0134430969031,42.45742574406737,-9.007983248060107,42.458860528150375,-9.011593458471781
3,2019-12-04 11:43:37.722733021+00:00,3_2019-12-04 11:30:00+00:00,-77.0,13.5,-120.0,-12.5,,,10.0,42.47,-9.01319,teste,42.47158241271472,-9.01099,42.4697214949666,-9.013449653696977,42.45848531430568,-9.012938693102539,42.45755023113183,-9.011941947739487
3,2019-12-04 11:43:45.055598974+00:00,3_2019-12-04 11:30:00+00:00,-89.0,12.0,,,,,9.0,42.4595,-9.0132,teste,42.47158241271472,-9.01099,42.46972,-9.01345,42.45859779222588,-9.009601581748411,42.45886857060067,-9.010112818720803
3,2019-12-04 11:43:52.540952921+00:00,3_2019-12-04 11:30:00+00:00,-91.0,12.5,,,,,8.0,42.45959,-9.0132,teste,42.47158241271472,-9.01099,42.46972,-9.01345,42.458607165826855,-9.010521939303484,42.45878513192999,-9.009995902651568
3,2019-12-04 11:44:00.141824961+00:00,3_2019-12-04 11:30:00+00:00,-80.0,9.5,,,,,7.0,42.45958,-9.01319,teste,42.47158241271472,-9.01099,42.46972,-9.01345,42.45876901691814,-9.00963028126468,42.463842163564124,-9.011130807622767
3,2019-12-04 11:44:39.573470116+00:00,3_2019-12-04 11:30:00+00:00,-94.0,3.8,-121.0,-14.8,-120.0,-22.8,12.0,42.45951,-9.01312,teste,42.47158241271472,-9.01099,42.46987730076389,-9.013525221503269,42.46578448754738,-9.005120481513185,42.46757863400916,-9.006429714535889
3,2019-12-04 11:44:48.205446959+00:00,3_2019-12-04 11:30:00+00:00,-75.0,10.5,-121.0,-11.8,-120.0,-15.2,11.0,42.45951,-9.01312,teste,42.47158241271472,-9.01099,42.46972198911194,-9.01345095119684,42.46139733741482,-9.012878786622098,42.45796345848984,-9.012617090610606
3,2019-12-04 11:44:55.174854040+00:00,3_2019-12-04 11:30:00+00:00,-70.0,14.2,-120.0,-13.5,-120.0,-15.2,10.0,42.45952,-9.01317,teste,42.47158241271472,-9.01099,42.46972069038619,-9.013450286594267,42.46128739506036,-9.012827138811813,42.458823126186516,-9.012817629397308
3,2019-12-04 11:45:03.551177979+00:00,3_2019-12-04 11:30:00+00:00,-58.0,12.5,,,,,9.0,42.45952,-9.01317,teste,42.47158241271472,-9.01099,42.46972,-9.01345,42.45879718569493,-9.010379767814001,42.45884413719074,-9.009840990470911
3,2019-12-04 11:45:11.017024994+00:00,3_2019-12-04 11:30:00+00:00,-71.0,13.8,,,,,8.0,42.45952,-9.01318,teste,42.47158241271472,-9.01099,42.46972,-9.01345,42.458655084669594,-9.009569478531636,42.45873982942774,-9.00939759757388
3,2019-12-04 11:45:18.314532042+00:00,3_2019-12-04 11:30:00+00:00,-87.0,5.8,,,,,7.0,42.4595,-9.01321,teste,42.47158241271472,-9.01099,42.46972,-9.01345,42.460849371734646,-9.01029196197983,42.46184764378738,-9.00972744814914
3,2019-12-04 11:45:55.232371092+00:00,3_2019-12-04 11:30:00+00:00,-55.0,10.5,-117.0,-2.0,-120.0,-14.0,11.0,42.45951,-9.01322,teste,42.47158241271472,-9.01099,42.469720031220724,-9.013450006888302,42.45811473892271,-9.01283325986916,42.45914761549118,-9.012915410190846
3,2019-12-04 11:45:58.070537090+00:00,3_2019-12-04 11:30:00+00:00,-85.0,10.0,-118.0,-2.5,,,12.0,42.4595,-9.01321,teste,42.47158241271472,-9.01099,42.469734942925975,-9.01344653853106,42.45729064201384,-9.008057115987024,42.45733787318729,-9.011636795441776
3,2019-12-04 11:46:14.234719038+00:00,3_2019-12-04 11:30:00+00:00,-70.0,9.8,-119.0,-12.2,-119.0,-15.8,10.0,42.45951,-9.01322,teste,42.47158241271472,-9.01099,42.46972086914023,-9.01345036079894,42.46107337434555,-9.012783594958664,42.45877973929189,-9.012893823974295
3,2019-12-04 11:46:21.558917046+00:00,3_2019-12-04 11:30:00+00:00,-81.0,14.2,-121.0,-13.0,,,9.0,42.45951,-9.01322,teste,42.47158241271472,-9.01099,42.46972298270173,-9.013449309069093,42.4585752552963,-9.011823137818368,42.45737117770398,-9.011466163330404
3,2019-12-04 11:46:29.221570015+00:00,3_2019-12-04 11:30:00+00:00,-80.0,13.2,,,,,8.0,42.45952,-9.01315,teste,42.47158241271472,-9.01099,42.46972,-9.01345,42.458695264197786,-9.009811966662479,42.45873279139668,-9.009536850899323
3,2019-12-04 11:46:35.811544895+00:00,3_2019-12-04 11:30:00+00:00,-82.0,13.2,,,,,7.0,42.45953,-9.01315,teste,42.47158241271472,-9.01099,42.46972,-9.01345,42.45875738949749,-9.009852666180063,42.46000901169805,-9.010691234241728
3,2019-12-04 14:33:55.197232962+00:00,3_2019-12-04 14:30:00+00:00,-72.0,9.0,,,,,12.0,42.45953,-9.01314,treino,,,,,,,,
3,2019-12-04 14:34:04.847316980+00:00,3_2019-12-04 14:30:00+00:00,-90.0,8.2,,,,,11.0,42.45953,-9.01314,treino,,,,,,,,
3,2019-12-04 14:34:10.321249962+00:00,3_2019-12-04 14:30:00+00:00,-85.0,10.0,-120.0,-13.5,,,9.0,42.45927,-9.01319,treino,,,,,,,,
3,2019-12-04 14:34:12.935050011+00:00,3_2019-12-04 14:30:00+00:00,-92.0,11.8,,,,,10.0,42.45952,-9.01314,treino,,,,,,,,
3,2019-12-04 14:34:17.759779930+00:00,3_2019-12-04 14:30:00+00:00,-83.0,10.2,,,,,8.0,42.45927,-9.01318,treino,,,,,,,,
3,2019-12-04 14:34:35.099379063+00:00,3_2019-12-04 14:30:00+00:00,-101.0,12.2,,,,,7.0,42.45912,-9.01305,treino,,,,,,,,
3,2019-12-04 14:35:14.787074089+00:00,3_2019-12-04 14:30:00+00:00,-98.0,7.5,-119.0,-17.8,,,12.0,42.45911,-9.01305,treino,,,,,,,,
3,2019-12-04 14:35:23.351820946+00:00,3_2019-12-04 14:30:00+00:00,-85.0,5.8,-119.0,-18.0,,,11.0,42.45892,-9.01293,treino,,,,,,,,
3,2019-12-04 14:35:31.340137005+00:00,3_2019-12-04 14:30:00+00:00,-94.0,11.2,-120.0,-15.5,,,10.0,42.45892,-9.01293,treino,,,,,,,,
3,2019-12-04 14:35:39.272037983+00:00,3_2019-12-04 14:30:00+00:00,-105.0,9.2,,,,,9.0,42.4585,-9.01301,treino,,,,,,,,
3,2019-12-04 14:35:45.701556921+00:00,3_2019-12-04 14:30:00+00:00,-99.0,11.2,,,-119.0,-11.0,8.0,42.45849,-9.01301,treino,,,,,,,,
3,2019-12-04 14:35:54.075818062+00:00,3_2019-12-04 14:30:00+00:00,-98.0,13.0,,,,,7.0,42.45845,-9.01302,treino,,,,,,,,
3,2019-12-04 14:36:33.529511929+00:00,3_2019-12-04 14:30:00+00:00,-88.0,9.0,,,-119.0,-4.5,12.0,42.45845,-9.01302,treino,,,,,,,,
3,2019-12-04 14:36:42.318594933+00:00,3_2019-12-04 14:30:00+00:00,-97.0,8.5,,,-119.0,-5.0,11.0,42.45845,-9.01303,treino,,,,,,,,
3,2019-12-04 14:36:50.411503077+00:00,3_2019-12-04 14:30:00+00:00,-84.0,14.2,,,-107.0,8.5,10.0,42.45843,-9.01309,treino,,,,,,,,
3,2019-12-04 14:36:58.092153072+00:00,3_2019-12-04 14:30:00+00:00,-103.0,9.8,,,-113.0,3.2,9.0,42.45827,-9.01345,treino,,,,,,,,
3,2019-12-04 14:37:05.501334905+00:00,3_2019-12-04 14:30:00+00:00,-82.0,14.2,,,-114.0,2.8,8.0,42.45827,-9.01345,treino,,,,,,,,
3,2019-12-04 14:37:13.321734905+00:00,3_2019-12-04 14:30:00+00:00,-83.0,13.2,,,-118.0,-3.0,7.0,42.45824,-9.01352,treino,,,,,,,,
3,2019-12-04 14:37:53.071244955+00:00,3_2019-12-04 14:30:00+00:00,-90.0,9.0,,,-118.0,-4.0,12.0,42.45824,-9.01352,treino,,,,,,,,
3,2019-12-04 14:38:01.759152889+00:00,3_2019-12-04 14:30:00+00:00,-113.0,2.5,,,-117.0,-4.8,11.0,42.45823,-9.01353,treino,,,,,,,,
3,2019-12-04 14:38:09.875969887+00:00,3_2019-12-04 14:30:00+00:00,-115.0,-0.5,,,-118.0,-5.8,10.0,42.45823,-9.01353,treino,,,,,,,,
3,2019-12-04 14:38:17.507333994+00:00,3_2019-12-04 14:30:00+00:00,-115.0,1.0,,,,,9.0,42.45838,-9.01353,treino,,,,,,,,
3,2019-12-04 14:38:24.993457079+00:00,3_2019-12-04 14:30:00+00:00,-115.0,-1.8,,,-119.0,-7.0,8.0,42.45847,-9.01375,treino,,,,,,,,
3,2019-12-04 14:38:32.515374899+00:00,3_2019-12-04 14:30:00+00:00,-115.0,-1.8,,,,,7.0,42.45847,-9.01375,treino,,,,,,,,
3,2019-12-04 14:39:10.735243082+00:00,3_2019-12-04 14:30:00+00:00,-117.0,-0.2,,,-118.0,-4.8,11.0,42.45848,-9.01377,treino,,,,,,,,
3,2019-12-04 14:39:18.775908947+00:00,3_2019-12-04 14:30:00+00:00,,,,,-119.0,-8.8,10.0,42.45848,-9.01378,treino,,,,,,,,
3,2019-12-04 14:39:35.998270988+00:00,3_2019-12-04 14:30:00+00:00,,,,,-117.0,-2.5,9.0,42.45857,-9.01394,treino,,,,,,,,
3,2019-12-04 14:39:43.510579109+00:00,3_2019-12-04 14:30:00+00:00,-118.0,-8.0,,,-114.0,2.0,8.0,42.45857,-9.01394,treino,,,,,,,,
3,2019-12-04 14:39:51.047487020+00:00,3_2019-12-04 14:30:00+00:00,,,,,-119.0,-5.0,7.0,42.45857,-9.01395,treino,,,,,,,,
3,2019-12-04 14:40:30.718449116+00:00,3_2019-12-04 14:30:00+00:00,-115.0,-4.0,,,-114.0,1.8,12.0,42.45871,-9.01399,treino,,,,,,,,
3,2019-12-04 14:40:39.380749941+00:00,3_2019-12-04 14:30:00+00:00,-118.0,-14.2,,,-114.0,1.0,11.0,42.45872,-9.014,treino,,,,,,,,
3,2019-12-04 14:40:47.072535038+00:00,3_2019-12-04 14:30:00+00:00,-120.0,-12.8,,,-117.0,-2.8,10.0,42.459,-9.0142,treino,,,,,,,,
3,2019-12-04 14:40:59.572750092+00:00,3_2019-12-04 14:30:00+00:00,-113.0,4.5,,,,,7.0,42.45903,-9.01425,treino,,,,,,,,
3,2019-12-04 14:41:49.502547026+00:00,3_2019-12-04 14:30:00+00:00,-108.0,7.2,-121.0,-14.8,,,12.0,42.45909,-9.01454,treino,,,,,,,,
3,2019-12-04 14:41:51.850534916+00:00,3_2019-12-04 14:30:00+00:00,-100.0,13.0,-120.0,-10.2,-119.0,-7.0,9.0,42.47039,-9.01534,treino,,,,,,,,
3,2019-12-04 14:41:58.259727955+00:00,3_2019-12-04 14:30:00+00:00,-108.0,5.5,-121.0,-13.5,,,11.0,42.45909,-9.01455,treino,,,,,,,,
3,2019-12-04 14:41:59.408952951+00:00,3_2019-12-04 14:30:00+00:00,-112.0,5.2,,,-119.0,-9.8,8.0,42.47037,-9.01534,treino,,,,,,,,
3,2019-12-04 14:42:05.317399025+00:00,3_2019-12-04 14:30:00+00:00,-108.0,8.5,-120.0,-15.5,-117.0,-0.8,10.0,42.45909,-9.01457,treino,,,,,,,,
3,2019-12-04 14:42:05.934513092+00:00,3_2019-12-04 14:30:00+00:00,-102.0,11.0,,,,,7.0,42.47035,-9.01534,treino,,,,,,,,
3,2019-12-04 14:42:13.291899920+00:00,3_2019-12-04 14:30:00+00:00,-111.0,4.5,,,-115.0,-1.2,9.0,42.45939,-9.01499,treino,,,,,,,,
3,2019-12-04 14:42:20.741352081+00:00,3_2019-12-04 14:30:00+00:00,-114.0,3.5,-120.0,-11.2,-115.0,2.8,8.0,42.4594,-9.01499,treino,,,,,,,,
3,2019-12-04 14:42:28.379406929+00:00,3_2019-12-04 14:30:00+00:00,-109.0,7.2,,,-115.0,0.5,7.0,42.45977,-9.01505,treino,,,,,,,,
3,2019-12-04 14:42:35.573049068+00:00,3_2019-12-04 14:30:00+00:00,-110.0,3.8,,,-120.0,-19.0,12.0,42.47035,-9.01534,treino,,,,,,,,
3,2019-12-04 14:42:55.053184986+00:00,3_2019-12-04 14:30:00+00:00,-115.0,-0.5,,,,,11.0,42.47033,-9.01534,treino,,,,,,,,
3,2019-12-04 14:43:02.872353077+00:00,3_2019-12-04 14:30:00+00:00,-108.0,7.2,,,,,10.0,42.45957,-9.01502,treino,,,,,,,,
3,2019-12-04 14:43:08.120901108+00:00,3_2019-12-04 14:30:00+00:00,-102.0,5.5,-120.0,-13.5,-119.0,-7.2,12.0,42.45978,-9.01505,treino,,,,,,,,
3,2019-12-04 14:43:10.282752037+00:00,3_2019-12-04 14:30:00+00:00,-107.0,8.5,,,,,9.0,42.45955,-9.01502,treino,,,,,,,,
3,2019-12-04 14:43:15.738502026+00:00,3_2019-12-04 14:30:00+00:00,-105.0,5.2,-120.0,-17.8,,,11.0,42.4598,-9.01505,treino,,,,,,,,
3,2019-12-04 14:43:17.730524063+00:00,3_2019-12-04 14:30:00+00:00,-110.0,5.5,,,,,8.0,42.45954,-9.01502,treino,,,,,,,,
3,2019-12-04 14:45:05.323518991+00:00,3_2019-12-04 14:30:00+00:00,-115.0,2.5,,,,,7.0,42.45953,-9.01502,treino,,,,,,,,
3,2019-12-04 14:45:44.985543013+00:00,3_2019-12-04 14:30:00+00:00,-117.0,-9.2,,,,,12.0,42.45945,-9.01501,treino,,,,,,,,
3,2019-12-04 14:45:51.373125076+00:00,3_2019-12-04 14:30:00+00:00,-117.0,-0.8,,,,,10.0,42.45874,-9.01459,treino,,,,,,,,
3,2019-12-04 14:45:53.277322054+00:00,3_2019-12-04 14:30:00+00:00,-118.0,-10.0,,,,,11.0,42.45875,-9.01459,treino,,,,,,,,
3,2019-12-04 14:46:15.153459072+00:00,3_2019-12-04 14:30:00+00:00,-115.0,1.5,,,,,8.0,42.45872,-9.01459,treino,,,,,,,,
3,2019-12-04 14:47:03.873533010+00:00,3_2019-12-04 14:30:00+00:00,-115.0,-1.8,,,,,12.0,42.45817,-9.0145,treino,,,,,,,,
3,2019-12-04 14:47:12.458827019+00:00,3_2019-12-04 14:30:00+00:00,-112.0,3.8,,,,,11.0,42.45815,-9.0145,treino,,,,,,,,
3,2019-12-04 14:47:27.855310917+00:00,3_2019-12-04 14:30:00+00:00,-114.0,0.8,,,,,9.0,42.45813,-9.01449,treino,,,,,,,,
3,2019-12-04 14:47:32.891834021+00:00,3_2019-12-04 14:30:00+00:00,-115.0,1.2,,,,,7.0,42.45728,-9.01425,treino,,,,,,,,
3,2019-12-04 14:47:35.273582935+00:00,3_2019-12-04 14:30:00+00:00,-110.0,7.2,,,,,8.0,42.45729,-9.01425,treino,,,,,,,,
3,2019-12-04 14:48:22.518718958+00:00,3_2019-12-04 14:30:00+00:00,-115.0,0.0,,,,,12.0,42.45725,-9.01425,treino,,,,,,,,
3,2019-12-04 14:48:47.072714090+00:00,3_2019-12-04 14:30:00+00:00,-117.0,-0.5,,,,,9.0,42.45555,-9.01354,treino,,,,,,,,
3,2019-12-04 14:48:54.505146980+00:00,3_2019-12-04 14:30:00+00:00,-115.0,0.0,,,,,8.0,42.45555,-9.01353,treino,,,,,,,,
3,2019-12-04 14:49:01.994976997+00:00,3_2019-12-04 14:30:00+00:00,-115.0,-1.5,,,,,7.0,42.45559,-9.01357,treino,,,,,,,,
3,2019-12-04 14:49:41.557796955+00:00,3_2019-12-04 14:30:00+00:00,-119.0,-5.5,,,,,12.0,42.45553,-9.01351,treino,,,,,,,,
3,2019-12-04 14:49:50.241727114+00:00,3_2019-12-04 14:30:00+00:00,-115.0,-14.5,,,,,11.0,42.45553,-9.01351,treino,,,,,,,,
3,2019-12-04 14:50:05.570523977+00:00,3_2019-12-04 14:30:00+00:00,-120.0,-15.0,,,,,9.0,42.45553,-9.01351,treino,,,,,,,,
3,2019-12-04 14:50:50.103158951+00:00,3_2019-12-04 14:30:00+00:00,,,,,-120.0,-20.0,12.0,42.45541,-9.01343,treino,,,,,,,,
3,2019-12-04 14:50:58.775928020+00:00,3_2019-12-04 14:30:00+00:00,,,,,-120.0,-20.0,11.0,42.45541,-9.01343,treino,,,,,,,,
3,2019-12-04 14:51:15.824511051+00:00,3_2019-12-04 14:30:00+00:00,,,,,-120.0,-14.8,10.0,42.45541,-9.01342,treino,,,,,,,,
3,2019-12-04 14:51:23.953202963+00:00,3_2019-12-04 14:30:00+00:00,-120.0,-5.8,,,-120.0,-13.8,9.0,42.45539,-9.01342,treino,,,,,,,,
3,2019-12-04 14:52:18.853873014+00:00,3_2019-12-04 14:30:00+00:00,-120.0,-21.8,,,,,12.0,42.45508,-9.01327,treino,,,,,,,,
3,2019-12-04 14:52:33.233130932+00:00,3_2019-12-04 14:30:00+00:00,-115.0,-11.2,,,,,9.0,42.45589,-9.01308,treino,,,,,,,,
3,2019-12-04 14:52:35.902729034+00:00,3_2019-12-04 14:30:00+00:00,-117.0,-7.0,,,,,10.0,42.45588,-9.01309,treino,,,,,,,,
3,2019-12-04 14:54:42.857954979+00:00,3_2019-12-04 14:30:00+00:00,-120.0,-15.5,,,,,12.0,42.45533,-9.01315,treino,,,,,,,,
3,2019-12-04 14:54:51.441353083+00:00,3_2019-12-04 14:30:00+00:00,-120.0,-18.8,,,,,11.0,42.45533,-9.01315,treino,,,,,,,,
3,2019-12-04 14:55:05.859539986+00:00,3_2019-12-04 14:30:00+00:00,-119.0,-4.5,,,,,9.0,42.45533,-9.01315,treino,,,,,,,,
3,2019-12-04 14:55:14.357335091+00:00,3_2019-12-04 14:30:00+00:00,-120.0,-8.8,,,,,8.0,42.45533,-9.01315,treino,,,,,,,,
3,2019-12-04 14:55:21.824569941+00:00,3_2019-12-04 14:30:00+00:00,-120.0,-9.2,,,,,7.0,42.45532,-9.01314,treino,,,,,,,,
3,2019-12-04 14:56:10.115585089+00:00,3_2019-12-04 14:30:00+00:00,-120.0,-9.0,,,,,11.0,42.45532,-9.01314,treino,,,,,,,,
3,2019-12-04 14:56:25.442835093+00:00,3_2019-12-04 14:30:00+00:00,-119.0,-5.0,,,,,9.0,42.45531,-9.01314,treino,,,,,,,,
3,2019-12-04 14:56:32.888833046+00:00,3_2019-12-04 14:30:00+00:00,-117.0,-9.8,,,,,8.0,42.45531,-9.01314,treino,,,,,,,,
3,2019-12-04 14:56:40.509200096+00:00,3_2019-12-04 14:30:00+00:00,-120.0,-7.0,,,,,7.0,42.45531,-9.01314,treino,,,,,,,,
3,2019-12-04 14:57:28.800833941+00:00,3_2019-12-04 14:30:00+00:00,-119.0,-13.5,,,,,11.0,42.45531,-9.01314,treino,,,,,,,,
3,2019-12-04 14:57:34.171183109+00:00,3_2019-12-04 14:30:00+00:00,-118.0,-11.5,,,,,9.0,42.45532,-9.01313,treino,,,,,,,,
3,2019-12-04 14:57:35.730053902+00:00,3_2019-12-04 14:30:00+00:00,-120.0,-12.2,,,,,10.0,42.45532,-9.01313,treino,,,,,,,,
3,2019-12-04 14:58:39.455238104+00:00,3_2019-12-04 14:30:00+00:00,-119.0,-14.0,,,,,12.0,42.45537,-9.01325,treino,,,,,,,,
3,2019-12-04 14:58:50.441487074+00:00,3_2019-12-04 14:30:00+00:00,-119.0,-7.8,,,,,8.0,42.45539,-9.0134,treino,,,,,,,,
3,2019-12-04 14:59:37.275502920+00:00,3_2019-12-04 14:30:00+00:00,-120.0,-14.8,,,,,12.0,42.45537,-9.01331,treino,,,,,,,,
3,2019-12-04 14:59:54.230870962+00:00,3_2019-12-04 14:30:00+00:00,-118.0,-2.5,,,,,10.0,42.45535,-9.013,treino,,,,,,,,
3,2019-12-04 14:59:58.394952059+00:00,3_2019-12-04 14:30:00+00:00,-120.0,-13.8,,,,,12.0,42.45535,-9.0132,treino,,,,,,,,
3,2019-12-04 15:01:41.535458088+00:00,3_2019-12-04 15:00:00+00:00,-119.0,-5.8,,,,,9.0,42.45548,-9.01255,treino,,,,,,,,
3,2019-12-04 15:01:49.102197886+00:00,3_2019-12-04 15:00:00+00:00,-118.0,-12.2,,,,,8.0,42.45549,-9.01254,treino,,,,,,,,
3,2019-12-04 15:01:55.845520020+00:00,3_2019-12-04 15:00:00+00:00,-120.0,-7.8,,,,,7.0,42.45553,-9.01251,treino,,,,,,,,
3,2019-12-04 15:02:35.271936893+00:00,3_2019-12-04 15:00:00+00:00,-118.0,-8.2,,,,,11.0,42.45577,-9.01238,treino,,,,,,,,
3,2019-12-04 15:02:35.523000001+00:00,3_2019-12-04 15:00:00+00:00,-118.0,-7.5,,,,,12.0,42.45555,-9.0125,treino,,,,,,,,
3,2019-12-04 15:02:53.285588980+00:00,3_2019-12-04 15:00:00+00:00,-113.0,3.2,,,,,10.0,42.45578,-9.01237,treino,,,,,,,,
3,2019-12-04 15:03:00.523854971+00:00,3_2019-12-04 15:00:00+00:00,-105.0,8.5,,,,,9.0,42.45722,-9.01202,treino,,,,,,,,
3,2019-12-04 15:03:08.018512011+00:00,3_2019-12-04 15:00:00+00:00,-107.0,10.0,,,,,8.0,42.45723,-9.01201,treino,,,,,,,,
3,2019-12-04 15:03:15.554099083+00:00,3_2019-12-04 15:00:00+00:00,-104.0,10.8,,,,,7.0,42.45724,-9.012,treino,,,,,,,,
3,2019-12-04 15:03:55.245171070+00:00,3_2019-12-04 15:00:00+00:00,-115.0,-8.2,,,,,12.0,42.4574,-9.01191,treino,,,,,,,,
3,2019-12-04 15:04:03.855804920+00:00,3_2019-12-04 15:00:00+00:00,-107.0,5.5,,,,,11.0,42.45741,-9.0119,treino,,,,,,,,
3,2019-12-04 15:04:11.745923996+00:00,3_2019-12-04 15:00:00+00:00,-113.0,4.2,,,,,10.0,42.45749,-9.01188,treino,,,,,,,,
3,2019-12-04 15:04:15.433033943+00:00,3_2019-12-04 15:00:00+00:00,-102.0,12.8,,,,,8.0,42.4581,-9.01159,treino,,,,,,,,
3,2019-12-04 15:04:19.139230013+00:00,3_2019-12-04 15:00:00+00:00,-107.0,7.0,,,,,9.0,42.4575,-9.01188,treino,,,,,,,,
3,2019-12-04 15:04:33.898415089+00:00,3_2019-12-04 15:00:00+00:00,-101.0,12.0,,,,,7.0,42.45811,-9.01159,treino,,,,,,,,
3,2019-12-04 15:05:13.515722990+00:00,3_2019-12-04 15:00:00+00:00,-102.0,5.0,,,,,12.0,42.45812,-9.01158,treino,,,,,,,,
3,2019-12-04 15:05:22.313595057+00:00,3_2019-12-04 15:00:00+00:00,-104.0,7.0,,,,,11.0,42.45828,-9.01155,treino,,,,,,,,
3,2019-12-04 15:05:30.277899027+00:00,3_2019-12-04 15:00:00+00:00,-97.0,10.0,,,,,10.0,42.45829,-9.01155,treino,,,,,,,,
3,2019-12-04 15:05:37.405536890+00:00,3_2019-12-04 15:00:00+00:00,-100.0,11.2,,,,,9.0,42.45851,-9.0108,treino,,,,,,,,
3,2019-12-04 15:05:44.857300997+00:00,3_2019-12-04 15:00:00+00:00,-92.0,13.5,,,,,8.0,42.45852,-9.01079,treino,,,,,,,,
3,2019-12-04 15:05:52.470727921+00:00,3_2019-12-04 15:00:00+00:00,-91.0,11.5,,,,,7.0,42.45852,-9.01077,treino,,,,,,,,
3,2019-12-04 15:06:31.549313068+00:00,3_2019-12-04 15:00:00+00:00,-100.0,5.0,,,,,12.0,42.45858,-9.01055,treino,,,,,,,,
3,2019-12-04 15:06:40.348958015+00:00,3_2019-12-04 15:00:00+00:00,-101.0,5.2,,,,,11.0,42.45858,-9.01054,treino,,,,,,,,
3,2019-12-04 15:06:48.570009947+00:00,3_2019-12-04 15:00:00+00:00,-99.0,13.0,,,,,10.0,42.45852,-9.00972,treino,,,,,,,,
3,2019-12-04 15:06:55.958475113+00:00,3_2019-12-04 15:00:00+00:00,-92.0,12.5,,,,,9.0,42.45851,-9.0097,treino,,,,,,,,
3,2019-12-04 15:07:03.457385063+00:00,3_2019-12-04 15:00:00+00:00,-101.0,10.8,,,,,8.0,42.45851,-9.00959,treino,,,,,,,,
3,2019-12-04 15:07:10.545077085+00:00,3_2019-12-04 15:00:00+00:00,-113.0,5.0,,,,,7.0,42.45844,-9.00943,treino,,,,,,,,
3,2019-12-04 15:07:50.370342016+00:00,3_2019-12-04 15:00:00+00:00,-114.0,-3.8,,,,,12.0,42.45844,-9.00942,treino,,,,,,,,
3,2019-12-04 15:07:58.900232077+00:00,3_2019-12-04 15:00:00+00:00,-111.0,3.0,,,,,11.0,42.4584,-9.00907,treino,,,,,,,,
3,2019-12-04 15:08:05.882554054+00:00,3_2019-12-04 15:00:00+00:00,-105.0,8.5,,,,,10.0,42.45841,-9.00905,treino,,,,,,,,
3,2019-12-04 15:08:14.254004954+00:00,3_2019-12-04 15:00:00+00:00,-107.0,8.0,,,,,9.0,42.45841,-9.00903,treino,,,,,,,,
3,2019-12-04 15:08:21.819253922+00:00,3_2019-12-04 15:00:00+00:00,-92.0,15.8,,,,,8.0,42.45853,-9.00825,treino,,,,,,,,
3,2019-12-04 15:08:29.214137077+00:00,3_2019-12-04 15:00:00+00:00,-104.0,10.2,,,,,7.0,42.45859,-9.00785,treino,,,,,,,,
3,2019-12-04 15:09:08.855879068+00:00,3_2019-12-04 15:00:00+00:00,-110.0,1.2,,,,,12.0,42.45859,-9.00784,treino,,,,,,,,
3,2019-12-04 15:09:15.059551001+00:00,3_2019-12-04 15:00:00+00:00,-110.0,7.0,,,,,10.0,42.4585,-9.00778,treino,,,,,,,,
3,2019-12-04 15:09:17.547858953+00:00,3_2019-12-04 15:00:00+00:00,-112.0,3.2,,,,,11.0,42.45859,-9.00782,treino,,,,,,,,
3,2019-12-04 15:09:33.254211903+00:00,3_2019-12-04 15:00:00+00:00,-114.0,2.0,,,,,9.0,42.45882,-9.00713,treino,,,,,,,,
3,2019-12-04 15:09:40.710515022+00:00,3_2019-12-04 15:00:00+00:00,-113.0,4.0,,,,,8.0,42.45882,-9.00711,treino,,,,,,,,
3,2019-12-04 15:09:48.275738955+00:00,3_2019-12-04 15:00:00+00:00,-110.0,5.8,,,,,7.0,42.45883,-9.0071,treino,,,,,,,,
3,2019-12-04 15:10:27.900194883+00:00,3_2019-12-04 15:00:00+00:00,-118.0,-4.8,-120.0,-17.5,,,12.0,42.45885,-9.00701,treino,,,,,,,,
3,2019-12-04 15:10:44.400094986+00:00,3_2019-12-04 15:00:00+00:00,,,-120.0,-11.2,,,10.0,42.45927,-9.00525,treino,,,,,,,,
3,2019-12-04 15:10:55.805180073+00:00,3_2019-12-04 15:00:00+00:00,-114.0,3.8,,,,,7.0,42.45931,-9.00519,treino,,,,,,,,
3,2019-12-04 15:10:59.232151031+00:00,3_2019-12-04 15:00:00+00:00,,,-121.0,-11.8,,,8.0,42.45929,-9.00525,treino,,,,,,,,
3,2019-12-04 15:11:45.411390066+00:00,3_2019-12-04 15:00:00+00:00,-114.0,1.0,,,,,12.0,42.45931,-9.00519,treino,,,,,,,,
3,2019-12-04 15:11:54.525211096+00:00,3_2019-12-04 15:00:00+00:00,-115.0,-0.8,,,,,11.0,42.45937,-9.00597,treino,,,,,,,,
3,2019-12-04 15:12:02.558104992+00:00,3_2019-12-04 15:00:00+00:00,-120.0,-7.8,,,,,10.0,42.45937,-9.00595,treino,,,,,,,,
3,2019-12-04 15:12:10.051470995+00:00,3_2019-12-04 15:00:00+00:00,-119.0,-7.0,-120.0,-9.2,,,9.0,42.45937,-9.00593,treino,,,,,,,,
3,2019-12-04 15:12:17.887738943+00:00,3_2019-12-04 15:00:00+00:00,,,-115.0,0.5,,,8.0,42.4594,-9.00538,treino,,,,,,,,
3,2019-12-04 15:12:25.490719080+00:00,3_2019-12-04 15:00:00+00:00,-105.0,10.2,-112.0,5.0,,,7.0,42.45943,-9.00489,treino,,,,,,,,
3,2019-12-04 15:13:05.185745001+00:00,3_2019-12-04 15:00:00+00:00,-115.0,-1.0,-115.0,1.2,,,12.0,42.45943,-9.00488,treino,,,,,,,,
3,2019-12-04 15:13:13.805543900+00:00,3_2019-12-04 15:00:00+00:00,-117.0,-1.2,-108.0,7.2,,,11.0,42.45943,-9.00485,treino,,,,,,,,
3,2019-12-04 15:13:22.248173952+00:00,3_2019-12-04 15:00:00+00:00,-118.0,-3.8,-112.0,4.2,,,10.0,42.45945,-9.00478,treino,,,,,,,,
3,2019-12-04 15:13:29.335535049+00:00,3_2019-12-04 15:00:00+00:00,-111.0,4.0,-113.0,3.5,,,9.0,42.47035,-9.00424,treino,,,,,,,,
3,2019-12-04 15:13:35.882534981+00:00,3_2019-12-04 15:00:00+00:00,-111.0,7.2,-104.0,12.2,,,8.0,42.47039,-9.00413,treino,,,,,,,,
3,2019-12-04 15:13:44.392581940+00:00,3_2019-12-04 15:00:00+00:00,-117.0,-5.0,-105.0,10.0,,,7.0,42.47041,-9.00408,treino,,,,,,,,
3,2019-12-04 15:14:14.079550028+00:00,3_2019-12-04 15:00:00+00:00,-107.0,4.8,-107.0,4.8,,,12.0,42.47044,-9.00403,treino,,,,,,,,
3,2019-12-04 15:14:32.881405115+00:00,3_2019-12-04 15:00:00+00:00,-105.0,7.5,-119.0,-2.5,,,11.0,42.47043,-9.00358,treino,,,,,,,,
3,2019-12-04 15:14:40.855504036+00:00,3_2019-12-04 15:00:00+00:00,-114.0,2.8,-112.0,5.5,,,10.0,42.45997,-9.00328,treino,,,,,,,,
3,2019-12-04 15:14:48.242875099+00:00,3_2019-12-04 15:00:00+00:00,,,-103.0,10.0,,,9.0,42.45995,-9.00325,treino,,,,,,,,
3,2019-12-04 15:14:55.590476990+00:00,3_2019-12-04 15:00:00+00:00,-111.0,5.5,-102.0,11.5,,,8.0,42.45995,-9.00325,treino,,,,,,,,
3,2019-12-04 15:15:03.175220013+00:00,3_2019-12-04 15:00:00+00:00,-103.0,11.5,-115.0,3.5,,,7.0,42.45993,-9.00317,treino,,,,,,,,
3,2019-12-04 15:15:21.305015087+00:00,3_2019-12-04 15:00:00+00:00,-115.0,-4.8,-115.0,-1.0,-120.0,-18.8,12.0,42.47018,-9.00178,treino,,,,,,,,
3,2019-12-04 15:15:29.925334930+00:00,3_2019-12-04 15:00:00+00:00,-115.0,-5.8,,,,,11.0,42.47019,-9.00177,treino,,,,,,,,
3,2019-12-04 15:15:38.005583048+00:00,3_2019-12-04 15:00:00+00:00,-117.0,0.2,-114.0,3.8,,,10.0,42.47019,-9.00175,treino,,,,,,,,
3,2019-12-04 15:15:42.837012053+00:00,3_2019-12-04 15:00:00+00:00,-113.0,3.2,-113.0,3.2,-120.0,-14.8,12.0,42.45985,-9.0028,treino,,,,,,,,
3,2019-12-04 15:15:45.152528048+00:00,3_2019-12-04 15:00:00+00:00,-115.0,0.5,-117.0,0.5,,,9.0,42.47021,-9.00158,treino,,,,,,,,
3,2019-12-04 15:15:50.280852079+00:00,3_2019-12-04 15:00:00+00:00,-115.0,1.0,-115.0,1.5,,,7.0,42.47059,-9.00179,treino,,,,,,,,
3,2019-12-04 15:15:51.485812902+00:00,3_2019-12-04 15:00:00+00:00,-109.0,5.8,-112.0,1.8,-120.0,-14.5,11.0,42.45985,-9.00278,treino,,,,,,,,
3,2019-12-04 15:15:52.757589102+00:00,3_2019-12-04 15:00:00+00:00,-115.0,-1.0,-115.0,0.8,,,8.0,42.47059,-9.00179,treino,,,,,,,,
3,2019-12-04 15:15:55.844944954+00:00,3_2019-12-04 15:00:00+00:00,-107.0,9.0,-113.0,4.8,-120.0,-11.2,9.0,42.45985,-9.00275,treino,,,,,,,,
3,2019-12-04 15:15:59.512547015+00:00,3_2019-12-04 15:00:00+00:00,-107.0,7.0,-117.0,-0.2,,,10.0,42.45985,-9.00275,treino,,,,,,,,
3,2019-12-04 15:16:14.352535009+00:00,3_2019-12-04 15:00:00+00:00,-115.0,2.8,-114.0,4.8,,,8.0,42.45998,-9.00227,treino,,,,,,,,
3,2019-12-04 15:16:21.542824030+00:00,3_2019-12-04 15:00:00+00:00,-109.0,7.2,-118.0,-2.2,,,7.0,42.47018,-9.0018,treino,,,,,,,,
3,2019-12-04 15:18:20.004529953+00:00,3_2019-12-04 15:00:00+00:00,-119.0,-5.5,-120.0,-8.5,,,12.0,42.47059,-9.00179,treino,,,,,,,,
4,2020-04-21 03:32:03.254394053+00:00,4_2020-04-21 03:30:00+00:00,-104.0,7.2,,,,,12.0,42.45850504150391,-9.012203215552734,treino,,,,,,,,
4,2020-05-09 06:23:35.433548927+00:00,4_2020-05-09 06:00:00+00:00,-90.0,9.0,-94.0,7.5,-104.0,-8.5,12.0,42.47598211559922,-9.01328182220459,treino,,,,,,,,
4,2020-05-09 07:10:50.255358933+00:00,4_2020-05-09 07:00:00+00:00,-91.0,7.5,-94.0,7.0,-113.0,2.5,12.0,42.47590200805554,-9.013228415442873,treino,,,,,,,,
4,2020-05-09 07:41:31.253304958+00:00,4_2020-05-09 07:30:00+00:00,-89.0,9.0,-95.0,7.0,-115.0,1.0,12.0,42.47559301757813,-9.013099570410157,treino,,,,,,,,
4,2020-05-09 08:12:10.259722948+00:00,4_2020-05-09 08:00:00+00:00,-88.0,9.0,-95.0,7.8,-104.0,-11.5,12.0,42.47702789305541,-9.01315833495094,treino,,,,,,,,
4,2020-05-09 08:42:30.233804941+00:00,4_2020-05-09 08:30:00+00:00,-88.0,8.2,-95.0,7.8,-115.0,0.2,12.0,42.47714514858154,-9.012938499450584,treino,,,,,,,,
4,2020-05-09 09:11:47.250034093+00:00,4_2020-05-09 09:00:00+00:00,-89.0,9.0,-95.0,8.5,-115.0,0.2,12.0,42.47589437855211,-9.013230323791504,treino,,,,,,,,
4,2020-05-09 09:43:55.311357021+00:00,4_2020-05-09 09:30:00+00:00,-89.0,9.2,-95.0,8.5,-115.0,0.2,12.0,42.47579901123047,-9.013172149558203,teste,42.47158241271472,-9.01099,42.47577523257991,-9.012136795063928,42.47609577350478,-9.013202156761855,42.47593092564726,-9.01302534117533
4,2020-05-09 10:14:17.250787973+00:00,4_2020-05-09 10:00:00+00:00,-88.0,8.5,-94.0,7.0,-115.0,-0.8,12.0,42.4757951955332,-9.013259424438475,treino,,,,,,,,
4,2020-05-09 10:45:02.297544956+00:00,4_2020-05-09 10:30:00+00:00,-88.0,8.2,-94.0,7.0,-115.0,-0.2,12.0,42.47585004538572,-9.013222594395971,treino,,,,,,,,
4,2020-05-09 18:47:08.284415007+00:00,4_2020-05-09 18:30:00+00:00,-89.0,9.0,-95.0,7.5,-115.0,0.0,12.0,42.47588574925758,-9.013222594395971,treino,,,,,,,,
4,2020-05-09 19:00:53.297154903+00:00,4_2020-05-09 19:00:00+00:00,-88.0,8.0,-95.0,5.8,-115.0,-0.2,12.0,42.47557775878905,-9.012940405799316,treino,,,,,,,,
4,2020-05-09 19:17:30.279217958+00:00,4_2020-05-09 19:00:00+00:00,-89.0,8.5,-95.0,7.2,-115.0,0.0,12.0,42.4759172558457,-9.01317310333252,treino,,,,,,,,
4,2020-05-09 19:31:40.291702032+00:00,4_2020-05-09 19:30:00+00:00,-89.0,9.5,-97.0,5.8,-115.0,1.0,12.0,42.47559219970703,-9.013097753051523,teste,42.47158241271472,-9.01099,42.47387695301304,-9.012583667225577,42.47576838927083,-9.01314310526483,42.47584227548894,-9.013077487609866
4,2020-05-09 19:48:23.230304003+00:00,4_2020-05-09 19:30:00+00:00,-88.0,8.0,-94.0,7.2,-115.0,0.0,12.0,42.47579138183594,-9.013282775878904,teste,42.47158241271472,-9.01099,42.47576156455213,-9.01212158999061,42.47586376365246,-9.013213098265863,42.47558107747669,-9.012812945536867
4,2020-05-09 20:02:07.291557074+00:00,4_2020-05-09 20:00:00+00:00,-89.0,10.8,-95.0,7.0,-115.0,1.0,12.0,42.47573797507422,-9.013050559753184,treino,,,,,,,,
4,2020-05-09 20:15:57.277337074+00:00,4_2020-05-09 20:00:00+00:00,-88.0,7.8,-95.0,7.0,-115.0,0.5,12.0,42.47588574925758,-9.013213157553809,treino,,,,,,,,
4,2020-05-09 20:18:57.215347052+00:00,4_2020-05-09 20:00:00+00:00,-88.0,7.5,-94.0,7.5,-115.0,-0.8,12.0,42.47590200805554,-9.013175918029784,treino,,,,,,,,
4,2020-05-09 20:49:14.258073092+00:00,4_2020-05-09 20:30:00+00:00,-89.0,10.5,-95.0,7.5,-115.0,1.0,12.0,42.47585523158945,-9.013211250305176,teste,42.47158241271472,-9.01099,42.47577523257991,-9.012136795063928,42.47576965310227,-9.013141149510847,42.47581533669433,-9.012963184692083
4,2020-05-09 21:03:07.259958982+00:00,4_2020-05-09 21:00:00+00:00,-89.0,9.2,-95.0,7.0,-115.0,0.8,12.0,42.47571508789053,-9.01315589085914,treino,,,,,,,,
4,2020-05-09 21:19:59.301983118+00:00,4_2020-05-09 21:00:00+00:00,-89.0,8.2,-95.0,5.2,-114.0,-0.2,12.0,42.47589819335938,-9.01321792502539,treino,,,,,,,,
4,2020-05-10 01:12:27.332998991+00:00,4_2020-05-10 01:00:00+00:00,-121.0,-17.2,,,-120.0,-15.8,12.0,42.47232437133789,-9.007578985595703,treino,,,,,,,,
4,2020-05-10 01:43:25.285413980+00:00,4_2020-05-10 01:30:00+00:00,-121.0,-10.8,-109.0,3.5,,,12.0,42.47055815550391,-9.004055457285155,treino,,,,,,,,
4,2020-05-10 01:57:27.319322109+00:00,4_2020-05-10 01:30:00+00:00,,,-108.0,3.2,,,12.0,42.47055353393555,-9.004009245825172,treino,,,,,,,,
4,2020-05-10 03:44:14.292202950+00:00,4_2020-05-10 03:30:00+00:00,-120.0,-14.0,-107.0,4.5,,,12.0,42.47054590454102,-9.004117012023926,treino,,,,,,,,
4,2020-05-10 04:15:09.377758980+00:00,4_2020-05-10 04:00:00+00:00,-121.0,-12.0,-105.0,4.2,,,12.0,42.47042083740234,-9.004105521505444,treino,,,,,,,,
4,2020-05-10 05:45:52.383121967+00:00,4_2020-05-10 05:30:00+00:00,-120.0,-13.0,-105.0,4.0,,,12.0,42.470458984375,-9.003999710083008,treino,,,,,,,,
5,2020-04-22 04:23:25.250284910+00:00,5_2020-04-22 04:00:00+00:00,,,-120.0,-15.2,,,12.0,42.4705810545875,-9.004071235555738,treino,,,,,,,,
5,2020-05-09 06:29:39.383857965+00:00,5_2020-05-09 06:00:00+00:00,-92.0,8.2,-94.0,8.0,-114.0,1.8,12.0,42.47584097290039,-9.013202557235328,treino,,,,,,,,
5,2020-05-09 07:15:20.314254045+00:00,5_2020-05-09 07:00:00+00:00,-92.0,8.0,-93.0,8.0,-113.0,1.0,12.0,42.47589437855211,-9.013221740722557,treino,,,,,,,,
5,2020-05-09 07:47:27.259725094+00:00,5_2020-05-09 07:30:00+00:00,-88.0,8.8,-95.0,8.0,-105.0,-10.8,12.0,42.47590200805554,-9.013251304525456,teste,42.47158241271472,-9.01099,42.47524220304075,-9.012901395609152,42.476107821025956,-9.013245547118817,42.47563828020696,-9.012637076901521
5,2020-05-09 08:18:10.343841076+00:00,5_2020-05-09 08:00:00+00:00,-88.0,8.5,-94.0,7.2,-114.0,0.8,12.0,42.47590953745117,-9.013228415442873,treino,,,,,,,,
5,2020-05-09 08:48:37.305522919+00:00,5_2020-05-09 08:30:00+00:00,-89.0,9.8,-94.0,7.2,-115.0,-0.5,12.0,42.47597057250742,-9.013315200805554,teste,42.47158241271472,-9.01099,42.47694778397507,-9.011860765871097,42.47585941255661,-9.01322017121333,42.475665781576964,-9.012849600392405
5,2020-05-09 09:19:08.240304947+00:00,5_2020-05-09 09:00:00+00:00,-89.0,11.2,-95.0,9.0,-115.0,1.0,12.0,42.47595541381835,-9.013285590575173,treino,,,,,,,,
5,2020-05-09 09:49:37.309849024+00:00,5_2020-05-09 09:30:00+00:00,,,-95.0,9.0,-115.0,0.0,12.0,42.47577230834951,-9.013250841359527,treino,,,,,,,,
5,2020-05-09 10:18:33.309448957+00:00,5_2020-05-09 10:00:00+00:00,-89.0,8.0,-94.0,7.5,-115.0,-1.2,12.0,42.47590200805554,-9.013213157553809,teste,42.47158241271472,-9.01099,42.47694778397507,-9.011860765871097,42.47586587437687,-9.013210829571259,42.47542901658262,-9.0126749862638
5,2020-05-09 10:50:39.335505009+00:00,5_2020-05-09 10:30:00+00:00,-89.0,9.5,-93.0,8.5,-104.0,-12.0,12.0,42.47571890258789,-9.013553755187989,treino,,,,,,,,
5,2020-05-09 18:51:25.254450083+00:00,5_2020-05-09 18:30:00+00:00,-90.0,10.0,-97.0,7.0,-115.0,0.0,12.0,42.47591345214844,-9.013184547424316,treino,,,,,,,,
5,2020-05-09 19:06:42.294950008+00:00,5_2020-05-09 19:00:00+00:00,-89.0,9.5,-95.0,7.8,-115.0,-0.2,12.0,42.47589819335938,-9.013293255295387,teste,42.47158241271472,-9.01099,42.47577523257991,-9.012136795063928,42.47588964749967,-9.01321881108386,42.47595039889159,-9.01302961065171
5,2020-05-09 19:21:51.288482904+00:00,5_2020-05-09 19:00:00+00:00,-90.0,10.2,-97.0,7.2,-115.0,0.5,12.0,42.47580282592773,-9.013182540075585,teste,42.47158241271472,-9.01099,42.474771898597474,-9.012397155449122,42.475855101459885,-9.013175764253134,42.475860047784025,-9.012990723545652
5,2020-05-09 19:37:00.272923946+00:00,5_2020-05-09 19:30:00+00:00,-89.0,8.8,-94.0,7.2,-105.0,-11.0,12.0,42.47581427001953,-9.013201713552013,treino,,,,,,,,
5,2020-05-09 19:52:25.355190992+00:00,5_2020-05-09 19:30:00+00:00,-89.0,10.0,-95.0,7.8,-104.0,-11.2,12.0,42.47589437855211,-9.01320743550791,treino,,,,,,,,
5,2020-05-09 20:07:23.225023985+00:00,5_2020-05-09 20:00:00+00:00,-89.0,8.5,-94.0,5.8,-115.0,0.5,12.0,42.4759287109375,-9.01307487487793,treino,,,,,,,,
5,2020-05-09 20:19:44.315054893+00:00,5_2020-05-09 20:00:00+00:00,-90.0,8.2,-95.0,8.5,-115.0,1.0,12.0,42.47702025357188,-9.01325847075415,treino,,,,,,,,
5,2020-05-09 20:22:37.919543982+00:00,5_2020-05-09 20:00:00+00:00,-89.0,9.2,-95.0,7.2,-115.0,0.0,12.0,42.47585757578125,-9.013215972351071,treino,,,,,,,,
5,2020-05-09 20:52:50.332288027+00:00,5_2020-05-09 20:30:00+00:00,-89.0,8.5,-95.0,8.0,-115.0,0.8,12.0,42.47587149047852,-9.01319594519043,treino,,,,,,,,
5,2020-05-09 21:08:18.271752119+00:00,5_2020-05-09 21:00:00+00:00,-89.0,8.8,-94.0,8.0,-105.0,-12.0,12.0,42.47594778442383,-9.013240814208984,treino,,,,,,,,
5,2020-05-09 21:23:03.225248098+00:00,5_2020-05-09 21:00:00+00:00,-90.0,10.5,-95.0,8.0,-115.0,0.5,12.0,42.4759172558457,-9.013253211975098,treino,,,,,,,,
5,2020-05-10 00:25:39.380038023+00:00,5_2020-05-10 00:00:00+00:00,-97.0,8.5,-113.0,3.0,-107.0,4.2,12.0,42.47573415137595,-9.012335730957032,teste,42.47158241271472,-9.01099,42.473870935399496,-9.016457174401651,42.475122722757256,-9.013357001886575,42.47672689618179,-9.013250540991368
5,2020-05-10 00:58:02.278024912+00:00,5_2020-05-10 00:30:00+00:00,,,-118.0,-1.5,,,12.0,42.47574179077149,-9.010150445155992,treino,,,,,,,,
5,2020-05-10 01:29:12.288450956+00:00,5_2020-05-10 01:00:00+00:00,,,-120.0,-15.0,,,12.0,42.470489501953125,-9.004189491271973,treino,,,,,,,,
5,2020-05-10 01:59:39.320795059+00:00,5_2020-05-10 01:30:00+00:00,-120.0,-14.8,-110.0,5.8,,,12.0,42.47050012817383,-9.00390911102295,treino,,,,,,,,
5,2020-05-10 02:30:09.293127060+00:00,5_2020-05-10 02:30:00+00:00,-120.0,-15.8,-110.0,3.5,,,12.0,42.47054290771485,-9.003805150522451,treino,,,,,,,,
5,2020-05-10 02:58:52.289534092+00:00,5_2020-05-10 02:30:00+00:00,-120.0,-15.2,-110.0,3.8,,,12.0,42.47053527832031,-9.003502981557382,treino,,,,,,,,
5,2020-05-10 03:31:15.337852001+00:00,5_2020-05-10 03:30:00+00:00,-118.0,-15.5,-108.0,3.8,,,12.0,42.4705924987793,-9.00397777557373,treino,,,,,,,,
5,2020-05-10 04:01:53.379501104+00:00,5_2020-05-10 04:00:00+00:00,-121.0,-12.5,-109.0,4.8,,,12.0,42.47054572241211,-9.004111289978027,treino,,,,,,,,
5,2020-05-10 04:32:15.323995113+00:00,5_2020-05-10 04:30:00+00:00,-120.0,-10.5,-108.0,3.8,,,12.0,42.47050775755835,-9.0038423538208,teste,42.47158241271472,-9.01099,42.49777956136724,-9.006950115016839,42.47054668472938,-9.00407144933316,42.47031543796833,-9.003974255772933
5,2020-05-10 04:45:53.270822048+00:00,5_2020-05-10 04:30:00+00:00,-120.0,-20.0,-109.0,4.8,,,12.0,42.47050094504492,-9.004080772399902,teste,42.47158241271472,-9.01099,42.497354883201005,-9.007048490012771,42.47054242463641,-9.00382079496459,42.470363035276606,-9.004132687880158
5,2020-05-10 05:32:35.257144928+00:00,5_2020-05-10 05:30:00+00:00,-120.0,-14.0,-109.0,4.5,,,12.0,42.47053527832031,-9.003928184509277,treino,,,,,,,,
5,2020-05-10 06:01:45.293339968+00:00,5_2020-05-10 06:00:00+00:00,-120.0,-13.5,-109.0,3.2,,,12.0,42.47053445044922,-9.004094123840332,teste,42.47158241271472,-9.01099,42.497354883201005,-9.007048490012771,42.47053165125493,-9.003909430317,42.470308721336345,-9.003951510073195
5,2020-05-10 06:33:44.448869944+00:00,5_2020-05-10 06:30:00+00:00,-121.0,-10.2,-110.0,5.8,,,12.0,42.47058858408203,-9.00405255258789,treino,,,,,,,,
5,2020-05-10 06:49:12.237883091+00:00,5_2020-05-10 06:30:00+00:00,-120.0,-13.5,-110.0,4.5,,,12.0,42.470452799072255,-9.003942489524023,treino,,,,,,,,
5,2020-05-10 07:19:48.259440899+00:00,5_2020-05-10 07:00:00+00:00,-119.0,-13.5,-109.0,4.8,,,12.0,42.47059531347555,-9.004050254821777,treino,,,,,,,,
6,2020-05-04 00:41:45.337331057+00:00,6_2020-05-04 00:30:00+00:00,-113.0,3.0,-120.0,-15.8,,,12.0,42.47055579589844,-9.0014055595157,teste,42.47158241271472,-9.01099,42.474681848544265,-9.012300607662059,42.45946275149304,-9.00652715138633,42.46061131508717,-9.007176130222751
6,2020-05-04 01:19:40.312557936+00:00,6_2020-05-04 01:00:00+00:00,-120.0,-7.8,-121.0,-15.0,,,12.0,42.47018432517188,-9.000557435218251,treino,,,,,,,,
6,2020-05-04 01:25:58.292279959+00:00,6_2020-05-04 01:00:00+00:00,-120.0,-8.8,-121.0,-18.5,,,12.0,42.4704704284558,-9.00058354858154,treino,,,,,,,,
6,2020-05-04 01:50:03.299408913+00:00,6_2020-05-04 01:30:00+00:00,-119.0,-5.5,-120.0,-15.2,,,12.0,42.4703483581543,-9.000505535855234,treino,,,,,,,,
6,2020-05-04 01:58:34.341481924+00:00,6_2020-05-04 01:30:00+00:00,,,-120.0,-18.0,,,12.0,42.4702033995582,-9.00055594580078,treino,,,,,,,,
6,2020-05-04 02:07:20.911993027+00:00,6_2020-05-04 02:00:00+00:00,,,-120.0,-20.2,,,12.0,42.459970703125,-9.000595182250978,treino,,,,,,,,
6,2020-05-04 02:15:57.489101887+00:00,6_2020-05-04 02:00:00+00:00,,,-120.0,-20.0,,,12.0,42.470001220703125,-9.00070858001709,treino,,,,,,,,
6,2020-05-04 02:24:54.081423044+00:00,6_2020-05-04 02:00:00+00:00,,,-120.0,-21.2,,,12.0,42.45998977551133,-9.00072479248046,treino,,,,,,,,
6,2020-05-04 07:26:31.951244116+00:00,6_2020-05-04 07:00:00+00:00,-119.0,-4.2,-115.0,1.0,,,12.0,42.47058485938476,-9.004152297973533,treino,,,,,,,,
7,2020-05-16 02:17:15.222335100+00:00,7_2020-05-16 02:00:00+00:00,-117.0,-3.8,-118.0,-5.5,,,12.0,42.4777945472158,-9.01359857788085,treino,,,,,,,,
7,2020-05-16 02:18:15.438987017+00:00,7_2020-05-16 02:00:00+00:00,-119.0,-5.8,-118.0,-3.2,-119.0,-15.2,12.0,42.47781753540039,-9.013547079457773,treino,,,,,,,,
